ID,B,T
13868,R,R
13367,R,R
13340,R,R
13400,L,L
16409,R,L
13305,R,R
13363,L,L
13357,R,R
16244,R,R
13372,R,R
13352,R,R
13887,L,L
13371,R,R
13365,R,R
13841,L,L
13361,L,L
13403,R,R
13894,R,R
16240,R,R
13893,R,R
13845,L,R
13332,L,L
13854,R,R
13874,R,L
13882,R,R
16398,L,L
13862,R,R
16219,L,L
13304,L,R
16528,S,L
13956,R,R
13869,R,R
13386,L,L
13976,R,R
13397,R,L
14485,S,L
15550,R,R
17566,L,R
14578,S,R
14564,L,L
16926,R,R
14517,R,R
14508,R,R
14996,L,R
15005,R,R
17142,R,R
14596,R,R
14571,L,L
14601,R,L
14553,R,R
14455,L,L
14502,L,L
17075,S,L
14430,L,L
14481,R,R
14575,R,L
15549,R,L
14994,R,R
14579,S,R
14369,R,R
14603,S,R
16934,R,R
14519,S,R
14541,L,R
15567,R,R
16927,R,R
14463,R,L
16929,R,R
14437,R,R
16931,L,R
16936,L,L
14554,R,L
17070,R,R
14497,L,L
16938,R,R
15032,R,R
17563,L,R
17567,R,L
14570,R,R
14446,L,L
14585,L,L
15562,R,R
14448,R,R
14573,R,R
14510,R,R
14443,S,R
15564,L,L
17704,R,R
14604,R,R
14580,R,R
14450,R,R
17705,R,R
16937,R,R
16932,L,R
14478,R,R
17076,L,R
14563,L,R
17565,R,R
17714,R,R
17574,R,R
17581,L,L
15053,S,R
15593,R,R
17569,L,L
15081,S,R
17568,R,R
17712,R,R
16396,L,L
15608,R,R
17575,R,R
15106,R,R
17716,R,R
17715,R,R
15116,R,R
15625,R,R
15056,R,R
16208,S,R
15040,R,R
18116,R,R
15782,R,L
15797,L,L
18120,R,R
15052,R,R
15597,L,L
15043,L,R
17709,R,R
17713,S,R
15082,L,L
15594,R,R
15094,L,L
17587,L,R
15108,R,R
15072,R,R
17592,R,R
15099,R,R
15125,L,L
17591,R,R
17593,R,R
15619,S,R
15051,S,R
17711,L,R
17586,R,R
15110,R,R
16389,S,R
17577,L,R
17706,R,R
15041,R,R
15579,L,L
15104,R,R
17580,R,R
17572,R,R
15083,L,L
15089,R,R
15087,R,R
15060,S,L
15119,L,R
17583,L,R
14970,L,L
17579,R,R
17576,S,R
15814,R,R
18403,R,R
15746,L,L
18142,R,R
18143,R,R
18159,R,R
18310,R,R
18304,R,R
18321,R,R
15825,R,R
18139,R,R
15687,R,R
18152,R,R
18309,L,L
15680,L,L
15676,L,L
15675,L,L
18161,R,R
18123,R,R
18323,R,R
18145,L,L
18163,L,L
18324,R,R
15826,R,R
18126,L,L
18138,S,R
15668,L,R
18405,R,R
15848,R,R
18149,R,R
16231,R,R
18153,R,R
18406,R,R
18311,R,R
18408,L,R
15724,R,R
18305,R,R
18157,R,R
18317,R,R
18128,R,R
18135,R,R
15659,R,R
15859,R,R
18313,R,R
18308,R,R
15710,R,R
18124,R,R
18407,L,L
15743,R,R
15713,R,R
15865,R,R
15703,R,L
18312,L,L
18315,R,R
18146,L,L
16399,R,R
18307,R,R
15875,S,R
18306,L,L
15515,S,R
16408,R,R
18322,L,R
18144,L,R
18402,R,R
16413,R,R
15736,L,L
18130,L,R
15819,R,R
18400,R,R
15679,S,R
18127,R,R
15677,R,R
18133,L,L
15749,R,L
18151,R,R
15699,R,R
15706,R,R
16525,R,R
18121,L,L
18398,R,R
18314,S,R
15723,R,R
15511,R,R
18156,L,L
15829,R,R
15805,R,R
15586,R,R
15874,R,L
15518,R,R
15714,R,L
15701,R,R
15832,L,L
15728,R,R
16414,S,R
16469,L,R
16443,R,R
16440,L,L
16935,R,R
16535,R,R
16472,R,R
16429,L,L
16317,R,R
16339,R,R
16331,R,R
16316,L,L
16278,S,R
16294,L,L
16568,R,R
16314,L,L
16315,L,L
16558,L,L
16291,R,R
16435,R,R
16261,R,R
16329,R,R
16464,R,R
16340,R,R
16268,R,R
16290,R,R
16269,R,R
16305,L,L
16930,R,R
17564,L,L
16298,R,R
16266,R,R
16321,L,L
16561,R,R
16463,L,R
16559,S,R
16309,R,R
16258,L,R
16456,R,R
16267,S,R
16534,S,R
16335,R,R
16459,R,R
16415,R,R
16544,L,L
16287,R,R
16540,R,R
16439,S,R
16554,R,R
16450,R,R
16299,R,R
16303,S,R
16542,R,R
16445,L,L
17072,R,R
16283,L,L
16313,R,R
16452,S,R
16473,L,L
16334,L,L
16323,R,R
16301,R,R
16322,S,R
16547,L,L
16551,L,L
16548,R,R
16416,S,R
16455,R,R
16461,R,R
16263,R,R
16545,R,R
16467,L,L
16475,R,R
16565,R,R
16466,R,R
16292,R,R
16425,R,L
16457,L,L
16453,R,R
16574,R,R
16433,L,L
16560,R,R
16273,R,R
16537,R,R
17143,R,R
16465,R,R
16438,S,R
16300,R,R
16306,R,R
16454,R,L
16311,L,L
16444,L,L
16541,R,R
16281,R,R
16252,L,R
16259,R,R
17141,R,R
16253,R,R
16418,R,R
16570,L,L
16342,R,R
16347,R,R
16327,L,L
16320,L,L
16572,L,L
16539,R,R
16302,S,R
16567,R,R
16260,R,R
16288,S,L
16293,L,L
16310,R,R
16432,R,R
16434,L,R
16341,R,R
16330,L,R
17703,L,L
16436,R,R
16295,R,R
16417,R,R
16337,R,R
16939,R,R
16451,S,R
16270,R,R
16332,S,R
17073,L,L
16423,L,L
16257,L,R
16448,L,L
16928,R,R
17562,R,R
16424,L,R
16265,R,R
16546,R,R
16477,L,L
16256,R,R
16446,R,R
16543,R,R
16297,R,R
16289,R,R
16422,R,R
16563,R,R
16276,R,R
16549,R,R
16308,R,R
16449,R,L
16471,R,R
16562,L,L
16571,S,R
17074,R,R
16421,R,R
16426,R,R
16336,R,R
16346,R,R
16264,S,R
16304,S,L
16296,L,R
16307,R,R
16468,R,R
16420,R,R
16338,R,R
16441,R,R
16470,R,L
16557,R,R
16344,R,R
16550,L,L
16324,L,R
16533,R,R
16474,R,R
16326,L,L
16462,L,L
16532,R,R
16333,S,R
16458,L,L
16552,R,R
16279,R,R
16569,R,R
16312,R,R
16933,R,R
16428,L,L
16275,L,L
16254,R,R
16286,L,L
16553,L,L
17071,L,L
16318,L,L
16272,R,R
16285,R,R
16442,R,R
16271,R,R
16280,R,L
16431,R,R
16538,L,L
16419,L,L
16460,R,R
16573,R,R
16262,L,L
16274,S,R
16325,R,R
16430,S,R
16427,S,L
16556,R,R
16319,S,R
16536,R,R
16284,R,R
16566,R,R
16437,R,R
16345,R,R
16255,R,R
16447,R,R
16277,L,L
16555,R,R
16343,L,L
16328,R,R
16564,L,L
16476,L,L
16282,L,R
16478,R,R
17026,S,L
17147,R,R
18119,R,R
17570,R,R
16966,R,R
17078,R,R
16946,R,R
17014,L,R
16976,R,R
16985,R,R
17126,R,R
17012,R,R
17118,L,L
17093,L,L
17091,R,R
17168,R,R
16941,R,R
17179,R,R
17001,R,R
16974,R,R
17114,S,L
17104,S,R
17164,R,R
16983,S,R
16947,L,L
17119,L,L
17571,L,L
17086,L,L
17717,R,R
17023,R,R
18117,L,L
17166,R,R
17113,S,R
17121,R,R
17116,L,R
17183,R,L
16944,R,R
17097,L,L
17151,R,R
16964,S,R
16943,L,R
17084,R,R
17111,R,R
17148,L,L
17157,R,R
16955,R,R
17159,R,R
17156,R,R
16969,L,L
17708,R,R
17003,S,R
17109,R,R
17077,R,R
16978,R,R
16954,L,R
17176,R,R
17181,S,L
17090,R,R
16965,R,R
16988,R,R
17134,L,L
16950,R,R
16982,S,R
16987,L,R
16996,R,R
17019,L,L
17009,R,R
17000,L,L
17007,R,R
17101,R,R
17011,R,R
17005,R,R
17002,S,R
17081,R,R
17133,L,L
17161,L,L
17175,R,R
17022,L,L
16993,L,L
17028,R,R
17024,S,R
17010,R,R
17021,L,L
17154,R,R
16977,R,R
17182,L,R
17585,R,R
17153,L,L
17170,L,L
17132,R,R
16970,L,L
17707,R,R
17120,R,R
17171,R,R
16972,R,R
17146,R,L
18302,R,R
17095,L,R
17110,R,R
17115,R,R
17162,R,R
17158,R,R
16951,R,L
17112,R,R
16961,L,R
17092,R,R
17135,R,R
17117,R,R
17079,R,R
16940,L,L
17582,R,R
17163,R,L
17087,L,L
17172,R,R
16998,R,R
18397,L,L
17155,L,L
17083,S,R
16973,R,L
17103,R,R
17145,R,L
17108,R,R
17102,L,L
17124,L,L
17027,R,R
16962,R,R
16956,R,R
16980,R,R
16963,L,L
17094,S,R
16975,L,L
17578,R,R
16995,R,R
18118,R,R
17125,L,L
17150,R,R
16991,R,R
17136,R,R
17129,R,R
17152,R,L
17006,L,R
17080,L,L
17017,R,R
17029,L,L
17165,L,R
17130,R,R
16959,S,L
17127,R,L
17144,R,R
17718,R,R
17106,R,R
16945,L,L
16997,R,L
17099,L,L
17590,R,R
16992,L,L
17588,R,R
16979,R,R
17122,R,R
17573,R,R
17008,L,L
17178,S,R
16949,R,R
17025,R,R
17131,R,R
16981,S,R
16948,R,R
17160,L,R
17174,R,R
17123,S,R
17085,S,R
16990,R,R
17169,R,R
17088,R,R
17710,L,R
17173,L,L
17016,L,R
17180,S,R
17177,S,R
16971,L,L
16942,S,R
17107,R,R
17584,R,R
16957,R,R
16953,R,R
16994,R,R
17096,L,L
16952,L,L
16989,R,R
17167,L,R
17020,L,L
17015,L,R
17004,R,R
17105,R,R
17089,R,R
16986,L,L
17589,R,R
16958,L,L
16960,L,L
16968,R,R
17149,R,R
16967,S,R
17018,R,R
17098,S,R
16984,L,L
17128,R,R
17082,R,R
18301,R,R
17013,R,R
16999,R,R
17100,R,R
17730,L,R
17760,R,R
17606,R,R
17614,L,L
17617,R,R
17736,R,R
17623,L,R
18320,R,R
17622,R,L
18401,R,R
17637,L,L
17663,R,R
17743,R,R
17652,L,L
17763,R,R
18125,L,L
17682,R,L
17739,R,R
17776,R,R
17674,R,R
17778,R,R
17779,R,R
17649,R,R
18155,R,R
18316,R,R
17626,L,R
17774,R,R
18140,L,R
17721,R,R
17755,R,R
17728,L,L
18148,L,R
17753,R,R
17747,R,R
17634,R,R
17636,L,L
17624,L,R
17611,R,R
17756,L,L
17639,R,R
17602,R,R
17737,R,R
17658,S,R
17664,R,R
17686,L,L
17667,L,L
17675,R,R
18137,R,R
17630,S,R
17659,L,L
17609,L,L
17604,R,R
18150,S,R
17594,R,R
17643,R,R
17627,S,R
17679,R,R
17734,L,L
17746,R,R
18147,R,R
17615,S,R
17769,R,R
17735,S,R
17729,S,R
17720,L,L
17745,R,R
17660,L,L
17758,R,R
17600,R,R
17651,R,R
17654,L,R
17744,R,R
17724,L,R
17603,R,R
17671,L,L
17751,R,R
17635,R,R
17595,R,R
17766,R,R
17677,S,R
17672,L,R
17631,R,R
17619,R,R
17612,L,L
17727,R,R
17655,R,R
17780,R,R
17657,R,R
17629,L,L
17620,L,R
17607,L,R
17738,R,R
17596,R,R
17642,S,L
17765,R,R
17638,L,R
17725,R,R
17640,S,R
17662,S,R
17759,L,L
17770,R,R
17726,S,R
18122,R,R
17633,R,R
18129,R,R
17719,L,R
17722,L,L
18318,L,R
17666,R,R
18141,R,R
18134,R,R
17668,R,R
17648,R,R
17768,L,L
17628,L,L
17750,R,R
17733,R,R
17646,L,L
17748,S,R
17683,L,R
17625,R,R
17665,R,R
17771,R,R
17754,R,R
17749,R,R
17676,R,L
17610,L,R
17740,R,L
17773,R,R
17653,S,R
17597,R,L
17647,L,L
17685,R,L
17761,R,R
17742,L,L
17731,L,L
17723,L,L
17767,R,L
17650,R,R
17732,L,L
17644,R,R
17641,S,R
17621,S,R
18399,R,R
18303,R,R
17777,L,L
17645,R,R
17741,R,R
17618,R,R
17678,R,R
17764,R,R
18160,R,L
17608,R,R
17632,R,L
17772,L,L
18132,R,R
17680,S,R
17681,L,L
17762,S,R
17598,R,R
18158,R,R
17670,L,L
17613,L,R
17601,L,L
18131,R,R
18162,S,R
17775,L,L
18319,R,R
17752,R,L
17656,R,R
17599,R,R
17757,L,L
17673,L,L
18136,R,R
17669,R,R
17605,R,R
17616,R,R
17684,L,L
18154,L,R
18404,L,L
17661,R,R
18423,R,R
18375,L,L
18206,R,R
18409,R,R
18199,L,L
18367,L,R
18177,R,R
18220,R,R
18183,R,R
18165,R,L
18210,L,R
18185,S,R
18229,R,R
18338,R,R
18336,R,R
18178,R,R
18250,R,R
18196,R,R
18372,R,R
18211,R,R
18241,L,L
18378,R,R
18417,S,R
18219,R,R
18167,R,R
18232,L,R
18216,R,R
18168,L,L
18252,L,R
18439,R,L
18225,L,L
18337,R,R
18349,R,R
18422,L,R
18415,R,R
18335,L,R
18329,S,L
18242,L,L
18361,L,L
18414,L,L
18360,R,R
18175,L,L
18346,R,R
18446,R,R
18201,S,R
18357,R,R
18413,R,L
18440,R,R
18374,R,R
18344,R,R
18384,S,R
18352,R,R
18208,L,R
18233,R,R
18376,R,R
18382,S,R
18363,R,R
18443,R,R
18247,R,R
18171,R,R
18412,S,R
18172,R,R
18212,R,R
18194,L,L
18203,R,R
18249,R,R
18188,R,R
18425,R,R
18370,R,R
18255,S,R
18373,L,R
18343,R,R
18169,S,R
18331,L,L
18366,R,R
18217,R,R
18207,S,R
18224,L,R
18204,L,R
18351,L,L
18176,L,L
18441,S,L
18327,R,R
18240,R,R
18437,R,R
18166,L,R
18184,L,L
18421,R,R
18353,R,R
18354,R,R
18368,R,R
18364,S,R
18381,R,R
18248,S,R
18416,R,R
18227,R,R
18182,S,R
18429,L,L
18326,R,R
18424,R,R
18347,L,L
18190,L,R
18411,R,R
18223,R,R
18214,R,R
18383,R,R
18359,R,R
18339,R,R
18342,L,L
18449,L,L
18426,L,L
18245,L,R
18350,R,R
18334,R,R
18431,S,R
18193,R,R
18235,R,R
18246,R,R
18442,L,L
18330,R,R
18237,R,R
18238,S,R
18428,L,R
18418,R,R
18340,R,R
18380,R,R
18435,R,L
18444,L,L
18377,R,L
18438,R,R
18369,R,R
18436,R,R
18180,R,R
18445,R,R
18186,R,R
18202,R,R
18447,R,R
18198,L,L
18427,R,R
18234,R,R
18221,R,R
18226,R,R
18410,R,R
18228,R,R
18362,L,R
18371,R,R
18164,L,R
18191,R,R
18348,R,R
18231,R,R
18328,R,R
18430,R,L
18341,R,R
18187,S,R
18218,L,R
18355,R,R
18365,R,L
18243,R,R
18236,R,R
18433,R,R
18356,R,R
18385,R,R
18213,R,R
18181,R,L
18192,R,R
18432,L,L
18170,R,R
18222,S,R
18195,R,R
18332,S,R
18379,R,R
18333,R,R
18325,L,R
18173,R,R
18420,R,R
18254,L,L
18215,R,L
18197,R,R
18345,R,R
18448,R,R
18434,L,R
18189,L,R
18239,L,L
18251,R,R
18230,L,L
18209,R,R
18200,S,R
18174,L,L
18358,R,R
18179,R,R
18244,R,R
18419,R,R
18253,R,R
18205,R,R
14832,L,R
15747,L,L
15810,R,R
16691,S,L
13616,L,L
17827,R,R
17433,R,R
14945,L,L
15193,R,R
14220,L,L
12125,R,R
14227,R,R
17973,R,R
15591,L,L
13167,R,R
12505,L,L
13331,R,R
13972,R,R
15264,S,R
12174,R,R
11882,S,R
10602,S,R
12572,R,R
11634,R,R
16251,R,R
16736,L,R
15663,R,R
18052,L,L
17462,R,R
13904,S,R
13806,L,L
17917,R,R
8599,R,R
14461,R,R
14271,R,R
18020,L,L
15639,R,R
14819,S,R
12943,L,L
15416,R,R
12732,R,R
15731,R,R
10995,R,R
14245,L,R
11596,R,R
10754,R,R
14527,S,R
11201,R,R
14251,R,R
11051,R,R
13554,L,L
17892,R,R
14921,L,L
15516,L,R
14039,S,R
13938,L,R
14108,R,R
16725,S,R
15217,R,R
16576,R,R
13953,R,R
17360,L,L
16919,R,R
14439,R,R
15734,R,R
14993,R,R
16008,L,L
16837,R,R
12130,L,R
13952,L,L
18260,R,L
11631,L,R
15643,R,R
13740,L,L
17206,R,R
15186,L,L
18286,S,R
12385,R,R
11450,R,R
13353,R,R
13965,R,R
16797,L,L
11212,R,R
13347,R,R
17494,R,R
16870,L,L
17366,S,R
17444,R,R
15683,S,R
9372,R,R
16845,R,R
17265,R,L
13622,R,R
11784,S,R
15627,R,L
15738,S,R
14618,L,R
14328,R,R
14854,R,R
16841,R,R
13157,R,R
14776,L,R
15192,L,R
16503,L,L
11982,R,R
12210,L,L
13542,L,R
11941,L,L
14713,R,R
14159,R,R
7009,R,R
16117,L,L
17045,R,R
16807,R,R
17258,L,L
14798,L,L
14097,R,R
12964,L,R
18113,R,R
12138,L,L
17541,R,R
11252,R,R
16032,R,R
13198,R,R
16078,R,R
15373,R,R
12196,R,R
12900,S,R
12296,R,R
16819,S,R
15391,L,L
11604,R,R
11890,R,R
16696,R,R
9444,R,R
14853,R,R
12645,S,R
10527,R,R
17442,R,R
16152,R,R
15599,R,R
16241,L,L
17330,R,R
16924,R,R
16889,L,L
14898,R,R
11311,L,L
16921,L,L
13133,R,R
17488,R,R
11623,R,R
13901,R,R
11571,R,R
9149,R,R
13959,R,R
16741,R,R
14056,R,R
12769,R,R
16832,R,R
11204,R,R
14626,R,R
17847,L,L
17286,R,R
11745,L,L
14966,R,R
12251,R,R
17413,R,R
16782,R,R
13030,S,L
8170,R,R
11227,R,R
11983,L,L
17039,R,R
12654,R,L
10095,R,R
18069,R,R
17514,R,R
12202,R,R
11760,S,R
16796,L,R
13942,R,R
14361,R,R
10613,S,R
15481,R,R
16111,L,R
14195,L,L
13672,R,R
12697,R,R
9115,R,R
17419,L,L
16858,R,R
13741,S,R
10837,L,L
13024,R,R
13840,R,R
16211,R,R
14403,L,L
12648,L,L
15688,R,R
17829,R,R
16906,R,R
15080,L,R
14132,R,R
14542,R,R
14546,R,L
14851,R,R
15808,L,L
10621,R,R
10299,R,R
11286,R,R
14881,R,R
13443,R,R
17554,L,L
11701,R,R
12702,S,R
14772,S,R
15420,R,R
9498,R,R
15925,R,R
13381,R,R
17907,L,L
15294,R,R
12270,R,R
16665,R,R
16481,L,R
17458,R,R
16712,S,R
15992,L,R
13541,S,R
17953,R,R
15587,R,R
10161,R,R
12453,R,R
18388,R,R
15559,R,R
14013,L,R
13342,R,R
16227,R,R
13246,S,R
12322,R,R
14212,R,L
16698,L,R
10386,R,R
15811,L,L
15280,S,R
15876,L,L
14547,R,R
14170,R,R
13591,R,R
13794,R,R
15779,R,R
16038,R,R
13565,R,R
17036,R,R
14180,L,L
15708,R,R
13863,S,R
12160,L,L
16364,S,R
17210,L,L
17050,R,R
17513,R,R
12489,R,R
15446,R,R
17367,S,R
16495,S,R
16410,R,R
16235,R,R
12863,R,R
14151,R,R
15780,L,L
8376,R,R
14475,L,L
13654,L,R
15694,S,L
13001,R,R
18114,R,R
16175,R,R
12306,R,R
16361,L,L
11986,S,R
18396,R,R
11598,R,R
15415,S,L
17691,R,R
17475,R,L
15429,R,R
10833,R,R
10352,R,R
14577,R,R
13323,R,R
11855,R,R
17266,L,L
15955,R,R
12198,S,R
14107,R,R
13641,L,L
17405,L,L
17240,L,L
12928,L,R
11627,R,R
15131,R,R
13063,R,R
16867,S,R
15315,R,L
18271,R,R
13973,S,R
7971,R,R
16602,S,R
11603,R,R
14188,S,R
14422,R,R
14396,S,R
12457,R,R
12870,L,R
13048,S,R
17299,L,R
11773,R,R
16222,R,R
17356,L,R
17530,R,R
17225,R,R
15640,R,R
14715,R,R
15660,R,R
10955,L,R
16903,R,R
16824,R,R
14509,L,R
12172,L,R
10086,R,R
15261,R,R
14260,R,R
11769,L,R
14695,L,L
12810,L,L
17371,L,L
13553,L,L
17416,R,R
10642,R,R
15839,R,R
10912,S,R
15781,L,R
11793,S,R
14104,L,L
13865,R,R
11798,S,R
10114,R,R
13955,R,R
16071,R,R
13295,R,R
11967,R,R
16610,L,R
14647,R,R
15078,R,R
16013,R,R
17502,R,R
12377,L,L
18068,R,R
12724,R,R
15350,R,R
16157,L,R
17809,R,R
11245,L,R
17381,S,R
12483,L,L
13978,R,R
13469,L,R
14574,R,R
11200,R,R
15417,S,R
16730,S,R
17349,R,R
14583,L,L
15058,R,L
14675,L,R
13287,R,R
11460,R,R
15413,R,R
13074,R,R
17137,R,R
10820,R,R
17498,L,R
12749,L,L
14197,R,R
14276,R,R
15601,R,R
15207,R,R
15158,R,R
10045,R,R
12968,R,R
13539,R,R
13873,S,R
11528,L,L
14963,R,R
14255,S,R
15847,R,R
14176,R,R
15720,S,R
14484,R,R
16181,R,R
15822,R,R
12176,R,R
16760,R,R
11025,L,L
12504,R,R
17338,L,L
13984,R,R
17359,R,R
12583,R,R
13195,L,L
18042,R,R
12321,R,R
15225,R,R
13378,L,R
13293,R,R
15067,L,L
15090,L,L
13138,R,R
17990,R,R
13201,S,R
11508,R,R
15873,R,R
11756,R,R
16680,S,R
12514,L,L
12688,R,R
14720,S,R
17223,R,R
15265,R,R
15272,R,R
16579,L,L
12703,R,R
16141,R,R
14359,R,L
11459,R,R
13326,L,L
16877,R,R
17694,L,L
17874,L,L
15621,R,R
16184,R,R
17919,R,R
15958,L,L
15275,R,R
12716,R,R
12054,R,R
12254,L,R
17976,L,L
15798,S,R
17249,R,R
16230,S,R
15309,R,R
16794,R,R
12849,R,R
13714,L,L
14122,R,R
13225,L,L
17506,L,R
14551,R,R
14950,S,R
14602,L,L
16167,L,L
15452,L,R
16179,R,R
12156,R,R
14609,L,L
12126,L,R
15911,R,R
12892,R,R
14209,R,R
15138,L,L
15541,L,R
17518,R,R
13445,R,R
15796,R,R
16096,L,L
18107,R,L
16726,R,R
18464,R,R
12290,L,R
15113,L,L
12517,L,R
18456,L,R
15656,R,R
16622,R,R
15588,L,L
12340,R,R
14694,R,R
12405,L,L
15257,L,R
11958,R,R
14110,R,R
15520,L,R
17817,R,R
15370,R,R
13898,L,L
15602,R,R
12664,R,R
11643,R,R
11963,R,R
17511,R,R
16139,L,L
17232,R,R
13852,R,R
15344,R,R
16515,L,L
15385,R,R
16708,R,R
17306,R,R
15725,L,R
12853,R,R
18066,R,R
12280,L,L
11961,S,R
12072,R,R
14254,R,R
16137,R,R
17828,R,R
11484,R,R
12328,L,L
17228,R,R
14093,R,R
12151,R,L
12977,L,R
14738,R,L
17202,R,R
16838,R,R
12488,R,R
15231,R,R
12783,L,R
12506,L,L
17790,L,L
13849,R,R
12843,L,L
14878,R,R
18285,R,R
12926,R,R
18077,L,L
11230,R,R
15617,L,L
15372,R,R
12241,R,R
13070,R,R
10365,R,L
18071,R,R
10471,R,R
15700,R,R
16490,L,R
11625,R,R
7972,R,R
12467,R,R
17427,R,R
12681,R,R
14096,S,R
9620,R,R
11933,R,R
8057,L,L
14852,S,R
12470,L,L
9702,S,R
15464,L,R
16354,L,L
16898,R,R
16127,L,L
13502,L,R
12797,L,R
17138,R,R
10839,S,R
13279,R,R
12149,R,R
18108,R,R
17270,L,L
12746,R,R
14660,L,R
13122,R,R
15182,R,R
10638,R,R
10823,L,R
14402,S,R
17221,L,L
14208,R,R
17548,R,R
17031,L,R
10627,R,R
13038,L,R
12772,R,R
11262,R,R
13723,L,L
13645,S,R
15348,L,L
13025,R,R
11589,R,R
13817,R,R
10604,L,R
15872,S,L
16092,L,R
17397,R,R
11379,L,L
17417,R,R
15262,R,R
8519,R,R
15551,R,R
10711,R,R
11317,R,R
17336,R,R
11832,L,R
14960,R,L
10138,R,R
17946,L,L
12930,L,R
12428,R,R
15931,R,R
14395,R,R
18106,L,R
13655,L,R
17700,L,L
12646,R,R
12265,L,L
16229,R,R
7157,L,L
15885,L,L
12872,R,R
12771,R,R
13270,R,R
13186,L,L
12979,R,R
11678,R,R
13267,S,L
15030,R,R
13050,S,R
14243,R,R
12209,L,R
16632,R,R
15719,R,R
12232,L,R
11778,R,R
17979,R,R
13062,R,R
15705,R,R
13546,R,R
12998,R,R
15975,L,L
13205,L,R
15758,L,L
18039,R,R
17884,R,R
17969,R,R
17693,S,R
12183,R,R
15552,R,R
17304,R,R
17913,R,R
8332,R,R
13881,L,L
9187,L,R
15318,S,L
13964,L,L
17861,R,R
14491,L,L
14984,S,R
15960,L,L
8814,R,R
10060,L,R
16382,R,R
14345,R,R
17253,R,R
11732,S,R
11720,R,R
17792,R,R
16089,R,R
15235,S,R
14158,S,R
15009,R,R
10631,L,R
16901,R,R
10440,L,L
15174,R,R
12381,S,R
14770,R,R
16393,L,L
12142,L,L
17432,L,L
11221,R,R
13832,R,R
13578,L,L
8044,R,R
11772,L,L
15224,L,L
13036,R,R
14473,S,R
17996,R,R
15468,R,R
11016,L,L
11521,R,R
13219,L,L
7892,R,R
16097,R,R
13824,R,R
13512,R,R
16608,L,L
18386,R,R
11924,R,R
11794,S,R
13056,R,R
11926,R,R
13926,R,R
10698,R,R
10331,R,R
14496,R,R
17434,S,R
11197,L,L
12080,R,R
12493,R,R
11649,L,L
17032,R,R
10876,L,L
11464,L,R
15772,L,L
17443,R,R
17048,R,R
10886,L,L
8774,R,R
16732,R,R
14991,L,L
16237,L,L
10543,R,R
12047,R,R
14381,R,R
14895,R,R
13734,R,R
8482,L,L
13937,R,L
15820,R,R
12141,L,R
17496,R,L
12902,R,R
17061,R,R
17192,R,R
15459,R,R
15364,L,R
16100,R,R
15176,R,R
12133,R,R
13150,R,R
17059,L,L
8139,L,L
14336,R,R
16843,R,R
18457,R,R
12389,L,R
16411,L,R
13037,L,R
13379,L,L
14589,R,R
17455,R,R
17929,L,L
13089,S,R
15489,R,R
14488,S,R
12037,S,R
10853,R,R
17481,R,R
16575,L,L
12625,R,R
10494,L,R
17303,R,R
15469,R,R
8025,R,R
9716,R,L
11907,L,L
13621,R,R
17886,R,R
18021,L,L
13593,L,L
17414,R,R
17472,R,R
16598,L,R
11248,R,R
14846,R,R
14611,R,R
13401,R,R
11901,L,R
14998,S,R
13710,L,R
16374,R,R
15636,R,R
13780,L,L
17208,R,R
10048,L,R
17288,R,R
17868,R,R
11299,R,R
17247,S,R
15836,R,R
7474,L,R
14256,S,R
12419,L,R
17857,R,R
11260,L,R
11234,R,R
14592,R,R
11425,L,L
15583,R,R
16522,R,R
14594,R,R
18035,R,R
17274,L,L
14167,L,L
12090,S,R
12112,R,R
15786,L,L
13322,S,R
10071,R,R
14562,R,L
11553,R,R
12955,L,L
14353,R,R
15650,R,R
13017,L,L
15995,L,L
18061,R,R
15869,L,L
14082,R,R
12674,R,R
14035,L,L
16626,R,R
16911,R,L
8346,R,R
14707,S,R
16022,R,R
13799,L,L
11449,R,R
17966,R,R
17531,R,R
17877,L,R
18002,L,R
12006,R,R
11433,R,R
16886,L,R
15766,R,R
17543,R,R
17524,R,R
17905,R,R
14850,R,R
11768,R,R
13853,L,L
15394,R,R
7564,L,L
15448,S,R
17219,R,R
10524,R,R
18032,R,R
11951,R,R
16145,R,R
16370,L,R
11258,R,R
15973,R,R
15169,R,R
14041,R,R
14909,R,R
11801,R,R
11228,S,R
16148,R,R
12621,R,R
13520,S,L
17529,S,R
12589,R,R
11505,S,R
15359,L,L
10894,L,L
15914,L,R
13909,R,R
14354,R,R
16016,R,L
14863,R,R
15478,L,L
15824,R,R
16402,R,R
14591,R,R
13916,L,L
16087,R,R
16738,R,R
18059,R,R
16839,S,R
17309,R,R
12113,R,R
18013,S,R
18274,R,R
10046,R,R
12917,R,R
6810,L,L
16754,R,R
17406,L,L
13830,R,R
11706,S,R
14892,S,R
15504,R,R
16864,R,R
17482,S,L
15993,R,L
15812,L,L
16583,L,L
11136,S,R
14958,R,R
13745,L,L
12966,R,R
14334,R,R
14567,L,L
13610,R,R
16612,R,R
11791,R,R
11910,R,R
13533,R,R
17808,R,L
12417,L,R
14003,R,R
10942,L,L
12672,L,R
16910,L,L
12370,R,R
11736,R,L
13713,R,R
15696,R,L
15517,R,R
16704,R,R
14021,R,R
15693,R,R
16129,L,L
15245,R,R
12109,S,R
15572,L,R
14543,R,R
14304,R,R
16743,L,R
11015,S,L
10907,R,R
10850,S,R
16734,L,R
14441,L,L
11862,R,R
16793,L,L
14308,R,R
13294,L,L
13513,L,L
9197,L,L
14797,R,R
12161,R,R
15988,L,R
12904,R,R
11766,R,R
11988,R,R
17372,R,R
13476,R,R
11802,S,R
12203,R,R
12439,R,R
8449,R,R
12420,R,L
18275,L,L
12824,L,L
8317,S,R
16196,R,R
18086,L,R
13778,R,R
16706,L,L
9532,R,R
13791,R,R
9564,R,R
16707,L,L
10927,R,R
14235,S,R
12885,L,L
14059,R,R
16365,R,R
16242,R,R
16048,R,R
15406,R,R
10573,L,R
13732,R,R
11310,S,R
17448,R,R
14458,R,R
12039,R,R
18011,R,R
16753,L,L
10601,R,R
16226,R,R
8242,L,R
13919,L,L
12288,R,R
11909,R,R
12662,R,R
12642,R,R
12235,R,R
14203,L,R
17980,R,L
17295,L,L
17058,R,R
15088,S,R
10988,R,R
10484,L,R
14826,R,R
10717,R,R
13334,R,R
14241,R,R
17322,R,R
10869,R,R
17352,R,R
14977,R,R
16689,R,R
17981,R,R
10359,S,R
16792,S,R
16904,L,L
15846,L,R
18028,L,L
17810,S,R
16747,R,R
16813,R,R
11027,R,R
16529,R,R
12946,R,R
7221,R,R
14027,R,R
16916,R,R
14423,S,R
15613,R,R
11196,L,R
17185,R,R
15165,R,R
13594,R,R
15644,L,L
14250,L,L
13551,R,R
13155,R,R
17279,R,R
11659,R,R
16132,R,R
16037,R,R
15933,R,L
10152,R,R
11375,R,R
14550,R,R
14891,R,R
14459,R,R
14868,S,R
15521,R,R
16591,L,R
10817,L,L
14933,R,R
18393,L,L
14031,R,R
8039,R,R
13064,R,R
13200,R,R
11475,R,R
13589,R,R
15253,R,R
12952,R,R
12775,R,R
13164,R,R
11014,R,R
11811,L,R
14889,R,R
15400,R,R
10363,L,L
16118,R,R
13032,R,R
17294,R,L
10651,S,R
14714,L,L
15483,S,R
15085,R,L
11665,L,L
13047,L,L
15976,R,R
16403,L,R
13521,R,R
14796,R,R
17430,S,R
16810,R,R
17200,R,R
14175,R,R
10867,R,R
15185,L,R
8033,R,R
13659,R,R
14127,S,R
12363,L,R
11038,S,R
14559,L,R
11919,L,L
17246,R,R
12319,L,R
13124,L,R
11786,L,R
9183,R,R
11218,L,R
9825,R,R
11340,R,R
14063,R,R
15045,R,R
17043,L,R
17314,L,L
13350,R,R
17528,R,R
12982,R,R
14737,S,R
10615,S,R
7684,L,L
12410,R,R
12477,L,L
10179,L,R
15969,L,L
14291,L,L
13811,R,R
16818,S,R
15134,L,R
17859,L,L
12239,R,R
15330,S,R
10103,R,L
14125,R,R
14087,S,R
16180,R,R
10425,R,R
17353,R,R
14460,R,R
11724,L,L
15440,R,R
8979,R,R
11538,L,L
12658,S,R
10680,L,R
8983,L,R
10922,R,R
8980,R,R
10090,R,R
11039,R,R
10618,L,R
9049,R,R
15077,R,R
12803,L,L
17895,L,L
8654,R,R
12472,R,R
16872,R,R
15109,S,R
15900,L,R
15996,R,R
17963,S,R
14533,S,R
13961,L,R
15653,S,R
13899,R,R
17363,R,R
11502,L,R
17327,R,R
12653,R,R
16112,S,R
13261,R,R
17898,L,L
15624,R,R
10849,R,L
10755,R,R
12134,L,L
18091,L,L
15383,R,R
15068,S,R
13213,L,R
16581,L,L
14690,R,R
16492,S,R
17193,L,L
15990,R,R
17503,R,R
12258,R,R
17846,R,R
12227,R,R
14884,R,R
11759,L,R
18050,L,R
13644,R,R
14404,R,R
17215,R,R
14820,R,R
17497,R,R
15547,R,R
13508,S,R
18067,R,R
15482,R,R
16109,R,R
15851,S,R
15932,L,L
17934,R,R
13364,R,R
16854,L,L
12677,L,R
14528,L,L
14655,R,R
12159,R,R
17362,L,L
11879,R,L
18029,L,L
9544,R,R
13066,R,R
17439,R,R
15980,L,R
11373,R,R
14270,R,R
6943,R,R
14668,L,R
14457,R,R
13254,R,R
17500,R,L
12362,R,R
12002,R,L
12950,L,L
11082,L,L
15334,R,R
17064,R,R
16030,R,L
14169,L,L
13459,R,R
14515,L,R
12660,R,R
16692,R,R
14702,R,R
10991,L,L
10623,S,R
15888,R,R
14649,R,R
14179,L,L
15722,R,R
16487,R,R
15795,S,R
10165,L,L
16523,R,R
14598,R,R
17803,R,R
13110,L,L
16197,L,L
15607,R,R
16603,R,R
15493,R,R
13903,R,R
14221,R,R
9763,L,L
10153,R,R
14548,R,R
12753,R,R
15919,R,R
10738,R,R
13086,R,R
15946,R,R
13572,R,R
13141,R,R
11562,R,L
13982,R,R
14236,S,R
14908,L,R
12434,L,R
14392,R,R
18078,R,R
17902,R,R
14779,R,R
7192,L,L
14350,L,L
17344,R,R
11704,L,L
15917,R,R
16029,L,R
13705,R,R
16630,R,R
17259,L,R
13858,R,R
15554,R,R
14296,R,L
15893,R,R
14215,S,R
14229,L,L
14677,R,R
17970,R,R
13235,R,R
14539,R,R
16531,L,L
11681,L,L
17850,R,R
15362,R,R
10633,R,L
10510,R,R
16604,R,R
15964,R,R
17556,L,L
10197,S,R
14472,R,R
11453,R,R
17302,R,R
12121,R,R
15002,R,R
11493,R,R
14807,S,R
12954,L,L
15290,R,R
10965,R,R
13380,L,R
13608,R,R
16171,L,L
16377,L,L
12949,L,R
13391,R,R
11613,L,L
11576,S,R
13392,R,R
17782,S,R
14346,L,L
14743,L,L
11886,R,R
10675,R,R
18083,R,R
15967,R,R
14480,R,R
14847,R,R
15569,S,R
17198,R,R
13103,R,R
13550,S,R
9602,R,R
15759,L,R
14721,R,R
11573,S,R
17804,R,R
12360,R,R
17407,R,R
15132,R,R
12108,R,R
15600,L,L
17239,L,L
15741,R,R
10424,R,R
16234,R,R
13844,R,R
14490,L,L
15672,R,R
12993,R,R
14228,R,R
15000,R,R
17842,R,L
14071,R,R
10648,L,L
16766,S,R
11617,R,L
10605,R,R
12307,R,L
17423,L,L
15096,R,R
16849,R,R
17055,R,R
8340,R,R
18015,L,L
10785,L,L
15850,R,R
7051,L,R
11874,R,R
9756,R,R
18080,R,R
10696,R,R
14697,L,R
16160,R,R
17456,L,L
11750,L,L
10645,R,R
11259,L,R
15673,L,L
15949,L,R
17289,R,R
16744,L,R
13536,L,L
12325,S,R
17951,L,L
18075,R,R
13255,R,R
10932,L,L
11356,R,R
15711,S,R
16119,R,R
14997,R,R
17555,L,L
15124,R,R
16786,L,R
16882,L,R
18452,S,R
12690,R,R
17510,L,L
12432,R,R
16815,R,R
12459,R,R
12397,L,R
13629,R,R
17441,L,L
13149,S,R
15510,R,R
14436,L,R
13376,R,R
15563,R,R
13540,R,R
13271,R,R
10735,R,R
10195,R,R
15338,L,L
12171,R,R
16658,R,R
12985,R,R
12266,L,L
18462,L,L
14815,R,L
15655,R,R
14342,R,L
17053,R,R
17401,R,L
13704,R,R
15248,R,R
14823,R,R
11800,S,L
15682,R,R
13820,L,L
10745,R,R
11516,R,R
15626,R,R
11885,L,L
14584,R,R
18280,R,R
11970,R,R
10993,S,R
17909,R,R
14745,R,R
15269,L,R
14453,R,R
18081,S,R
14079,R,R
11579,R,R
13264,R,R
10589,S,R
17220,L,L
13793,R,R
15585,R,R
10146,R,R
15384,L,L
11215,R,R
10333,L,R
18262,R,R
17558,R,R
12194,L,L
13112,L,L
13215,L,L
15240,R,R
10996,L,L
12005,R,R
16015,R,R
15345,R,R
13795,R,R
11577,R,R
11588,L,L
8492,L,L
17227,L,L
17813,R,R
18269,S,R
15219,R,R
16785,L,L
14844,L,L
14216,L,L
13560,R,R
11925,R,R
17547,L,L
15263,L,L
16068,R,R
10561,R,R
12089,L,L
13962,R,R
11366,L,R
16758,R,R
15492,R,R
12846,L,L
10122,R,R
15295,R,R
12070,R,R
14269,L,R
11443,R,R
16018,L,L
12354,S,R
10126,R,R
15443,R,R
11335,R,R
12399,R,R
13884,R,R
14363,R,R
15044,L,L
13856,R,R
12779,R,R
12911,L,R
13763,R,R
18082,L,R
14037,S,R
13335,R,R
15558,R,R
18390,L,L
12091,R,R
11591,R,R
17695,R,R
18084,R,R
10821,L,L
18047,R,R
14214,R,R
9966,L,R
10462,L,L
10591,R,R
13912,R,R
15039,L,L
11043,L,L
16836,L,R
10906,R,R
16090,R,R
16206,R,R
14238,R,R
12612,L,L
17699,S,R
12620,R,R
14754,S,R
9016,R,R
15457,L,L
10085,R,R
17361,R,R
8443,R,R
18072,L,L
18290,L,L
8369,R,R
13490,R,R
14518,R,R
14182,L,R
12003,L,R
17535,L,L
13033,R,R
16113,R,R
15409,R,R
17688,S,R
17199,L,L
13115,R,R
11033,L,R
17470,L,L
14321,L,L
14706,R,R
15553,R,R
14549,R,R
11899,L,L
13234,R,R
12956,R,L
15806,R,R
18056,R,R
17897,L,L
16676,S,R
12898,L,L
18277,L,L
8685,R,R
18055,S,R
13238,R,R
14213,R,R
14360,L,L
14683,R,R
11327,R,R
14032,L,R
13214,L,R
14766,S,R
16357,R,R
12010,L,R
9606,L,L
16065,R,R
13197,R,R
17692,R,R
17891,R,R
11775,R,R
15273,R,R
16143,R,R
14973,R,L
13800,R,R
12796,L,L
16646,R,R
9520,R,R
12136,R,R
16757,L,R
15103,L,R
13711,R,R
13838,L,L
17852,R,R
17290,R,R
18273,L,L
15861,R,R
15994,L,L
15733,R,R
16496,R,R
15093,R,R
13643,S,R
13609,R,R
12763,L,R
16769,R,R
18033,L,R
15133,R,R
17328,R,R
13833,R,R
16155,R,L
14231,R,R
14812,R,R
15956,R,R
14799,R,R
14669,R,R
18092,L,L
16902,L,L
14804,R,R
12639,R,R
10726,S,R
17066,L,L
15485,L,L
18294,S,R
14809,R,R
10016,R,R
13929,R,R
15898,S,L
17479,R,R
12494,R,R
15118,R,R
18044,L,L
15582,R,R
17044,R,R
9166,R,R
13561,R,R
12326,R,R
11198,R,R
18263,R,R
15301,R,R
16203,L,R
16821,L,R
10969,R,L
11488,L,L
14727,R,R
17885,R,R
13232,R,R
15046,R,R
15856,R,R
11585,L,L
12071,L,R
14411,R,R
15862,L,L
11712,R,R
14164,R,R
15403,R,R
16829,R,R
14803,R,R
14181,R,R
15033,L,L
15751,R,R
7683,R,R
15293,R,R
15172,R,R
17260,L,L
12800,R,R
14969,R,R
12694,S,R
14526,L,L
16482,S,R
17374,L,R
14513,R,R
17915,L,L
15352,S,R
8905,R,R
17403,R,R
11828,R,R
11679,R,R
16194,R,R
12291,R,R
15989,L,L
17687,R,R
7653,L,R
11409,R,R
16040,R,R
15577,R,R
14811,R,R
17468,L,L
15557,L,R
14616,S,L
16884,L,R
17791,R,R
16353,R,R
16853,R,R
11575,R,R
17339,R,R
16010,R,R
13087,R,R
16586,S,R
18095,R,R
11489,L,L
17234,L,L
17504,R,R
14483,S,L
18090,R,R
16003,S,R
14433,R,R
15678,R,R
12686,R,R
18283,L,R
12081,L,L
17318,R,R
16811,L,L
15343,L,R
13224,R,R
12587,R,R
10953,L,L
16667,R,R
10893,R,R
17186,L,L
16588,L,R
17508,R,R
13489,R,R
15012,L,L
12972,R,R
15632,L,L
18004,L,L
14679,L,R
17959,L,R
13587,S,R
13439,R,R
15611,R,R
11431,L,L
9793,R,R
18049,R,R
14924,R,R
14379,R,R
17313,R,R
15121,R,R
11774,S,R
13525,R,R
17869,R,R
15785,L,L
12178,L,R
13431,R,R
16380,R,R
13917,R,R
14965,R,R
11515,R,R
17291,R,R
12185,R,R
15905,R,L
17357,R,R
11767,R,R
13859,R,R
13889,S,R
13602,R,R
11762,R,R
18093,L,L
10982,S,R
13402,R,R
10361,L,R
16351,R,R
13319,R,R
14479,L,L
17971,R,L
15407,R,R
15842,L,L
14587,R,R
16140,R,R
15622,L,R
14901,L,L
15712,L,R
9214,R,L
9575,R,R
13194,R,R
15018,R,R
11673,R,R
17837,R,R
14986,R,R
14476,R,L
17525,R,R
6687,R,R
9081,R,R
15377,R,R
17523,L,R
15878,L,L
15461,R,R
14022,R,R
16615,R,R
8745,R,R
16372,S,R
17952,S,R
15259,R,R
13872,R,R
15774,R,R
13461,R,R
14410,R,R
15799,L,R
13314,L,L
17226,R,R
15146,S,L
15042,R,R
15155,R,R
9577,R,R
11754,L,R
11205,R,R
13051,R,R
11385,S,R
11636,S,R
17469,R,R
16729,R,R
12882,R,R
14292,R,R
10747,L,L
17916,R,R
12793,R,R
17546,R,R
17991,R,R
17785,S,L
17243,L,L
18105,R,R
15251,L,R
9434,S,R
15342,R,R
10739,R,R
15401,L,L
15211,R,R
14495,L,L
15427,R,R
17960,R,R
14085,R,R
15638,R,R
10842,R,R
9486,R,R
14205,L,L
12991,R,R
12871,L,L
12567,R,R
18279,L,R
13729,R,R
14840,L,L
17914,R,R
17233,R,R
16182,S,L
18265,R,R
18053,S,R
13968,R,R
12285,R,R
12372,R,R
14261,R,R
10563,R,R
11517,L,L
7348,R,R
10868,R,R
10157,R,R
9750,R,R
11284,R,R
15164,R,R
13320,R,R
14544,R,R
17844,R,R
12299,R,R
9700,R,R
13362,S,R
17998,R,R
10975,R,R
13035,L,L
17207,R,R
15793,R,R
15853,R,R
15686,R,R
14704,R,R
12412,R,R
12402,R,R
15365,R,R
14586,R,R
5254,R,R
9777,S,R
11557,R,R
14781,R,R
10418,R,R
16243,R,R
10875,R,R
13846,L,L
15095,S,R
13428,L,L
15222,L,L
16751,L,L
10393,R,L
15122,R,R
9542,R,R
16499,L,L
17461,R,R
9147,S,R
16900,L,L
14387,S,R
13040,S,R
11559,R,R
13142,R,R
14600,R,R
9601,R,R
17967,R,R
10617,R,R
15509,R,R
11741,L,L
17418,R,R
16401,R,R
8742,S,L
15522,L,L
15667,R,R
14244,L,L
17396,R,R
11269,R,R
13831,S,R
17896,R,R
17787,R,R
14989,R,R
13383,R,R
13020,L,R
10404,R,R
14537,R,R
10607,R,L
11644,R,R
14045,R,R
16170,L,L
12754,L,L
7985,L,L
11372,R,R
17422,R,R
15278,R,R
13900,R,R
18463,R,R
17505,R,R
17056,L,R
10109,R,R
14597,R,R
17273,R,R
18101,R,R
17435,L,L
16592,R,R
16124,R,R
18264,R,R
16756,R,R
8853,R,R
15187,L,L
15540,S,R
15198,S,R
12497,S,R
16885,R,R
13715,L,L
16840,L,L
10411,R,R
10184,R,R
18024,R,R
12909,R,R
14662,R,R
17545,R,R
15637,L,L
14224,L,L
14911,L,L
12396,R,R
14029,R,R
16883,R,R
8106,L,L
14237,R,R
13208,R,R
15570,L,L
14246,L,R
13756,L,L
12978,S,L
13651,R,R
10154,R,R
14471,R,R
13719,R,R
10506,L,L
12471,R,R
12842,R,R
11661,L,R
15382,R,R
15620,R,R
14849,R,R
15346,R,R
17320,S,L
12622,L,R
13221,R,R
14380,R,R
15476,R,R
13617,R,R
8500,R,R
16772,R,R
10608,L,L
10039,L,L
15838,L,L
11592,R,R
17068,R,R
11996,R,L
17984,R,R
16857,L,L
11408,L,R
12413,S,R
17698,R,R
12253,R,R
15444,L,R
11083,R,R
15555,L,L
11740,R,R
17940,R,R
14438,S,R
8405,R,R
15031,R,R
10899,R,R
12647,R,R
11805,R,R
17860,R,R
15906,S,R
16156,S,R
14666,L,L
12965,S,R
17298,R,R
13341,R,R
11685,L,L
13967,L,R
18104,R,R
16249,R,L
15114,L,R
11514,R,R
12693,R,R
12961,R,R
10855,L,R
11545,L,L
12908,R,R
14139,R,R
13467,R,R
11421,L,R
11510,R,R
16509,L,L
14095,R,R
15007,R,R
15930,R,R
13975,R,R
15092,S,R
15175,R,R
13458,R,R
8395,L,L
17257,R,R
13360,R,R
10452,R,R
10779,L,R
11972,R,R
15560,L,R
16806,R,R
15395,R,R
15148,R,R
16764,L,R
16501,L,R
13535,R,R
9033,R,R
9132,R,R
17949,R,R
14532,R,R
9430,R,R
13046,L,L
13879,R,R
13657,R,R
17323,R,R
10624,R,R
12300,R,R
17962,L,L
13203,R,R
15834,R,R
17797,L,L
14922,R,R
12062,L,L
17836,R,R
15896,R,R
14285,R,R
14858,R,R
13596,R,R
8860,R,R
14129,R,R
14953,L,R
15983,L,R
12294,R,R
11822,L,R
11654,S,R
11091,S,R
14663,L,L
11715,R,L
9798,R,R
17046,L,R
15580,L,L
15057,R,R
17955,R,R
11451,L,L
11333,R,L
12129,R,R
15027,R,R
14711,L,L
16833,R,R
18394,R,R
17139,L,L
14837,R,L
12561,R,R
15356,R,R
15618,L,L
15502,R,R
17825,R,R
11887,R,R
13603,L,R
16869,L,R
14417,R,R
9781,R,R
16391,L,L
8013,R,R
12330,R,R
17190,R,R
13317,R,R
13923,R,R
12308,L,L
13885,R,R
13665,R,R
16798,R,R
11219,R,L
11028,R,R
12889,R,R
13922,L,L
12146,L,R
17788,R,R
15581,L,L
17368,R,R
17037,R,R
13690,R,R
12482,R,R
15320,L,L
14309,R,R
12817,R,R
10488,R,R
18057,R,R
13088,R,R
11897,L,L
15568,R,R
15716,S,R
7218,R,R
17460,L,R
15363,R,R
13988,L,R
14566,L,L
17999,R,R
17799,R,R
14357,L,L
17189,L,R
12570,S,R
12369,R,R
11902,R,R
17346,L,R
14420,S,R
17216,R,R
14907,R,R
16485,R,R
17235,S,R
17878,L,L
12031,R,R
17373,R,R
11739,R,R
14426,L,L
11635,R,R
15135,S,R
12452,L,L
15430,R,R
9587,R,R
18111,R,R
15646,L,R
14449,R,R
13839,R,R
15524,R,R
12332,R,R
15840,R,R
16748,R,R
13384,S,R
18027,S,R
13818,R,R
16847,R,R
13057,R,R
12184,R,R
17335,R,R
13460,R,R
15823,R,R
16384,R,R
14686,L,R
11669,R,R
13877,R,R
10398,R,R
13067,R,R
10132,R,R
12281,L,L
18023,R,R
13950,R,R
8416,L,L
11763,L,L
14333,L,R
15204,R,R
15892,R,R
16834,R,R
14560,L,L
15465,R,R
16350,R,R
12636,S,R
13995,R,R
15685,R,R
14535,R,R
16775,R,R
16407,R,R
15641,R,R
15145,R,R
15928,L,L
14505,L,R
14749,R,R
13618,R,R
17974,R,R
17312,L,R
17214,R,R
15171,R,R
17975,S,R
12667,R,R
12666,R,R
17985,S,R
15313,R,R
15742,R,R
9316,R,R
15361,R,R
13693,S,R
13075,L,R
12219,R,R
14538,L,R
17278,L,L
17224,R,R
17796,R,R
12714,R,R
12520,S,R
16577,R,R
16767,R,R
15212,L,L
17864,R,R
17972,R,R
17883,R,R
13148,R,R
16004,R,R
14735,R,R
15787,L,R
12045,R,R
15316,R,R
17840,R,R
17845,R,R
9198,S,R
17382,R,R
11418,R,R
12790,R,R
17835,R,R
11359,S,R
18070,S,L
15649,R,R
14873,L,L
9324,S,R
15777,L,R
11209,L,R
16842,R,R
15477,R,R
10778,R,R
15852,R,L
14780,R,R
17293,L,L
16006,R,R
17296,R,R
17935,R,R
16739,R,R
13395,R,R
12427,R,R
13782,L,R
18459,R,R
16755,R,R
14734,S,R
14006,R,R
16768,R,L
14529,R,R
14434,R,R
12805,R,R
12394,L,L
12361,R,R
12400,R,R
15324,R,R
17268,L,L
11010,R,R
10933,L,R
8027,R,R
14429,R,R
13185,L,L
12059,R,R
16922,L,R
15107,R,R
10599,R,R
14652,R,R
16641,L,R
15086,R,R
16702,S,R
16135,R,R
14503,R,R
16153,L,L
11485,R,R
9469,R,R
17527,R,R
15329,L,L
17986,R,R
14223,L,R
17348,R,R
15408,R,R
13656,L,R
18007,R,R
15886,R,R
17903,L,R
12838,R,R
15467,L,L
11265,R,R
13309,L,L
17331,R,R
16731,L,L
13674,L,L
17415,R,L
14297,L,L
13848,R,R
13447,R,R
14581,R,R
15490,L,L
16108,S,R
14771,R,R
14166,L,R
18006,L,R
15623,R,R
12942,R,R
15595,L,L
17532,R,R
10520,L,L
16637,R,R
13761,L,R
15149,R,R
14289,R,R
15609,R,R
15880,S,L
12680,S,R
17798,L,L
16091,L,R
13584,L,L
13716,R,R
16221,R,R
11911,L,L
14149,R,R
17386,R,R
15982,R,R
14144,R,R
18003,R,R
16239,L,R
14876,R,R
14109,L,L
14641,R,R
17930,R,R
15666,R,R
16412,R,R
14599,L,L
11244,R,R
14356,L,R
17871,S,L
15075,R,R
14621,L,R
13599,S,R
12435,L,L
15168,R,L
17034,R,R
13176,S,R
17931,L,L
16519,L,R
17465,R,R
17948,R,R
14120,L,R
12794,R,R
14499,R,R
11609,S,R
8835,R,R
17399,L,L
11806,R,R
11950,R,R
13825,L,R
14311,S,R
15651,L,L
13914,R,R
14015,R,R
16215,L,R
17477,R,R
11458,L,R
17038,R,R
11307,R,R
14347,L,R
14865,L,R
16737,R,R
15274,S,R
17978,L,L
17941,R,R
16675,R,R
12261,R,R
16104,R,R
16105,R,R
15916,R,R
13606,R,R
11641,R,R
16700,R,R
11009,R,R
14226,R,R
17838,R,R
8244,R,R
12364,R,R
13979,R,R
11541,L,L
13259,L,L
15285,L,L
10916,L,L
11789,L,L
9689,R,R
12162,R,R
16205,R,R
16595,L,L
10985,L,L
13798,L,R
15901,R,R
14555,R,R
11029,L,L
11570,S,R
15021,L,L
16000,L,R
10877,R,R
15877,R,R
15642,L,L
12915,R,R
15421,S,R
13247,L,R
17452,S,R
15845,R,R
13072,R,R
16199,L,R
15971,R,R
16052,R,R
14225,R,R
13963,L,L
11651,R,R
13842,R,R
14465,R,R
13456,R,R
17222,R,R
18040,L,L
17994,R,R
13939,R,R
13473,L,L
13171,S,L
10115,R,R
16103,R,R
15014,L,R
10593,L,R
17875,L,L
11888,L,L
11319,R,L
14394,R,R
15899,R,R
11788,R,R
13147,L,R
17697,R,R
12143,R,R
12407,L,R
13788,R,R
15962,R,L
10616,R,R
17702,R,R
15801,R,R
14522,R,R
12786,L,L
15765,R,R
14119,L,R
18030,S,R
13385,R,R
13639,R,R
16095,L,R
15431,L,L
16107,R,R
13351,R,R
14615,S,L
15573,L,L
17478,R,R
16876,L,L
16114,L,L
16605,L,R
14506,L,L
11718,R,R
13642,R,R
11610,L,L
12967,L,L
13635,L,L
18454,L,R
12691,R,R
13637,R,R
16587,S,R
17342,R,R
12352,L,L
15690,S,R
12718,S,R
15658,L,L
7027,R,R
14418,L,L
15718,S,R
10925,L,R
8448,S,R
18293,R,R
16823,L,L
15692,R,R
16714,L,L
17191,R,R
7933,L,L
10116,R,R
13789,L,L
14879,R,R
15038,S,R
16790,R,L
14217,R,R
17928,L,L
8580,R,R
12406,S,R
16850,R,R
13620,L,L
13077,S,R
13658,R,R
13387,R,R
14020,L,L
13985,R,R
16628,R,L
17238,R,R
16053,L,R
11799,R,R
17242,R,R
10430,L,L
8386,R,R
15662,R,L
15284,L,R
12451,L,L
14822,R,R
12986,L,L
11590,R,R
16703,L,L
16085,R,R
13218,S,R
12766,L,R
18018,R,R
15249,R,R
8994,R,R
12657,R,R
13911,R,R
15849,R,R
8578,R,R
14887,R,R
15681,S,L
16216,R,R
16788,R,R
18076,R,R
17491,R,R
12887,R,R
17412,R,R
12731,L,R
14990,R,R
11023,R,L
16907,L,L
15062,L,L
15215,R,R
15354,S,R
17195,R,R
15854,R,R
14774,R,R
11954,R,R
11251,L,L
12345,R,R
16620,L,L
11483,R,R
13216,R,R
17922,R,R
15890,R,R
14825,R,L
15533,S,R
14661,R,R
14201,S,R
12431,L,R
12826,L,L
16647,L,L
17272,L,L
16722,R,R
16746,R,R
13627,L,L
16618,L,L
13847,R,R
16808,R,R
13510,R,R
11203,S,R
17389,R,R
12958,R,R
16358,R,R
16814,R,R
13019,L,L
14572,L,R
16674,R,R
17942,R,R
13053,S,R
15279,R,R
17552,R,R
11637,R,R
12390,R,R
11675,R,R
15589,L,R
11426,S,R
15578,S,R
10962,R,R
15539,R,R
15001,R,R
15024,R,R
14187,L,L
17489,S,R
11725,R,R
12713,S,R
11618,R,R
15783,R,R
16863,L,L
12255,R,L
15833,R,R
11556,L,R
16349,R,R
15739,R,R
9223,R,R
9497,R,R
12815,R,R
17241,R,R
16043,S,R
13860,L,L
14344,R,R
11831,L,L
9205,R,R
13722,L,R
15360,S,R
17067,R,R
10485,L,L
14801,R,R
15684,R,R
11711,S,L
12491,S,R
9696,L,L
16039,R,L
15670,R,R
15422,R,R
14722,R,R
17485,R,R
8017,R,R
15011,R,R
12222,R,R
12788,R,R
11378,R,R
12773,R,R
17924,R,R
11893,R,R
13792,R,R
13229,L,L
15804,S,R
14358,R,R
13786,L,L
11640,R,R
11846,R,R
17534,R,R
14206,R,R
13821,R,L
13068,L,L
15357,R,R
16578,L,L
14103,R,R
17544,L,R
12689,R,R
14467,L,L
15036,L,L
13613,R,R
14210,R,R
12879,L,L
14792,R,R
13487,R,R
15449,R,R
13061,R,L
12862,R,R
17832,L,R
17945,R,R
17269,R,R
10513,L,L
16584,R,R
13906,R,R
13131,R,L
18281,R,R
16855,S,R
16138,S,R
11619,R,R
15073,R,R
15282,R,R
16224,R,R
14253,R,R
14619,R,R
17839,R,R
17384,R,R
14018,S,R
15544,R,R
15336,S,R
9295,R,R
13828,S,R
14316,S,R
11344,R,R
14942,R,R
14531,L,L
17248,R,R
13812,L,L
14272,R,R
11969,R,R
15019,S,R
14834,S,R
13805,R,R
11748,R,R
13044,R,R
18389,R,R
17196,R,R
13321,R,R
11780,R,R
14778,L,L
12619,L,R
13076,R,R
12395,R,R
12577,R,R
15371,L,R
12782,L,L
9995,R,R
17512,R,L
15870,R,R
17853,R,R
15101,R,R
8854,R,R
15423,L,L
13765,R,R
13121,R,R
11757,R,R
14869,L,L
11930,R,R
15076,L,L
13753,L,R
14995,R,R
16225,R,R
10740,R,R
17862,L,L
11277,R,R
17820,R,R
9861,L,R
16526,L,L
11238,S,R
10436,R,R
14667,R,R
13426,R,R
17882,R,R
8906,S,R
11645,R,R
12699,R,R
17350,L,L
7197,S,R
9506,L,L
10655,R,R
16809,R,R
16027,L,R
11615,R,R
15003,R,R
14492,R,R
15368,R,R
11738,R,R
18054,L,L
18008,R,R
15809,R,R
10002,R,R
14445,R,R
14841,R,R
12458,R,R
13027,R,R
13827,R,R
11210,L,L
13029,L,L
15745,R,R
18287,R,R
17204,R,R
15629,R,R
10974,L,L
14590,R,R
12767,L,R
11632,R,R
17261,L,L
13337,R,L
12784,R,R
10970,L,R
13106,L,R
11779,L,L
18256,L,R
12019,R,R
15789,L,L
15897,R,R
16086,L,L
10835,R,R
15664,L,R
13611,R,R
14633,S,R
12894,R,R
15246,L,R
14620,L,L
16761,R,R
18094,S,R
12450,R,R
17939,R,R
12760,R,R
12150,R,R
15968,L,L
12416,R,R
14148,S,R
16150,R,R
14301,L,L
12499,S,R
15486,S,R
12382,L,R
11693,R,R
17375,R,R
13977,R,R
15909,L,L
9788,R,R
16176,R,R
14042,R,R
11496,R,R
15941,L,R
15984,R,R
10614,R,R
14060,R,R
16655,R,R
8491,L,L
11439,L,L
17277,R,R
18272,R,R
7612,R,R
17689,L,L
17821,R,R
14112,R,R
17476,L,R
11084,R,R
11714,R,R
11583,L,L
14340,R,R
18046,R,R
11012,R,R
15203,L,L
8459,L,L
18458,S,R
14161,R,R
8385,L,L
15013,R,R
15074,R,R
12444,R,R
13034,S,R
12115,S,R
13449,L,L
17988,S,L
13516,L,R
14390,R,R
14828,L,L
17854,L,L
13071,R,R
10959,R,R
6702,S,R
13098,R,R
13446,R,R
17194,L,L
17831,R,R
13749,R,R
15120,S,R
14114,S,R
16510,R,R
13042,R,L
11705,S,R
16186,R,R
7342,R,R
8544,R,R
18292,L,L
11895,L,L
14312,L,L
11920,L,R
12476,R,R
9814,R,R
16102,R,R
14432,R,R
15063,S,L
14024,L,L
15970,L,L
14752,R,R
13991,S,R
15392,R,R
17393,R,R
12264,L,L
13082,L,L
16245,R,R
17453,R,R
14524,R,R
16912,L,R
17937,R,R
13355,L,L
15499,R,R
16125,R,R
12446,L,R
18450,L,R
14078,R,R
16233,R,L
14742,R,R
13104,R,R
16580,L,L
13463,R,R
13843,R,R
12762,R,R
15498,R,R
10966,R,R
16505,L,R
13114,S,L
17449,L,R
16136,L,L
12571,L,L
15871,R,R
13398,L,L
13886,R,R
11223,R,R
16759,L,L
10098,R,R
14198,R,R
11956,R,R
13310,S,R
8734,L,R
8769,R,R
12963,R,R
18088,R,R
10619,L,R
11560,R,R
15895,R,R
13427,S,R
10997,R,R
15079,L,R
18270,R,R
16149,L,L
16650,R,R
14866,R,R
11787,R,R
15530,R,R
11782,R,R
8455,R,R
11743,R,R
13628,L,R
13338,R,R
13231,R,R
17408,S,R
7992,R,R
13187,S,R
10736,R,R
10598,R,R
15807,L,L
17964,R,R
14870,R,R
8873,R,R
14588,R,R
14409,R,R
16210,R,R
17229,S,R
13315,S,R
13312,S,L
13524,R,R
13994,L,L
16075,R,R
14190,L,L
17509,R,R
14920,R,R
17280,R,R
14493,L,L
13834,R,R
15374,L,R
16688,R,R
16054,R,R
14927,R,R
6741,L,R
8004,R,R
15070,L,L
16483,L,L
11581,L,R
16083,R,R
15130,L,L
18110,R,R
17429,L,R
13564,L,L
13202,R,R
14083,R,R
11823,R,R
17426,R,R
12368,L,L
8773,L,R
14219,R,R
12992,R,R
9744,R,R
18010,L,R
13325,L,R
13237,R,R
15232,S,R
10921,S,R
17391,R,L
17826,R,R
17537,S,L
13960,L,L
14098,L,L
17321,L,R
17559,R,R
14494,R,R
11770,R,R
17890,R,R
17849,R,R
6915,S,R
13871,L,R
17894,L,R
14470,R,R
15959,R,R
9229,R,R
13814,R,R
17030,R,R
13434,L,L
17995,R,R
17319,R,R
10772,R,R
16629,R,R
15332,L,R
7056,L,L
17901,L,R
17466,R,R
15234,R,R
14001,R,R
13477,R,R
13662,R,L
17538,R,R
17209,R,R
17301,R,R
12501,R,R
18296,R,R
14339,L,L
10201,R,R
11222,R,R
14278,S,L
11937,R,R
12891,L,L
17316,R,R
9236,R,R
13940,L,R
17957,R,R
15612,L,L
18062,L,R
12004,R,R
14565,R,R
12145,R,R
16058,R,R
16616,R,R
16021,L,L
17245,L,L
11690,R,R
10579,L,L
15387,L,L
13864,R,R
13023,R,R
12144,R,R
16218,L,L
14985,S,R
12454,R,R
15463,R,R
10689,R,R
17300,L,L
16623,L,R
10691,R,R
13699,L,L
12073,R,R
15752,S,R
16681,R,R
17520,L,L
12945,L,L
13466,R,R
16512,R,R
16084,L,L
9790,R,R
12867,R,R
13870,R,R
15388,L,L
13105,L,L
15508,R,R
12836,L,R
16115,R,R
14193,R,R
15610,R,R
18278,R,R
16198,R,R
13649,L,L
8733,L,L
12248,R,R
11647,L,R
14934,R,R
13630,R,R
7780,L,R
12179,R,R
14999,R,R
15494,S,R
17925,R,R
15605,R,R
12874,R,R
17560,R,R
14232,R,R
13941,L,R
15536,S,R
12447,R,R
12116,R,R
8005,R,R
15445,R,R
12804,R,R
16923,S,R
12124,R,R
14053,R,R
16202,R,R
14843,S,R
18064,R,R
13451,R,R
11229,R,R
16517,S,R
14371,L,R
14274,S,R
14427,R,R
14512,R,R
11479,R,R
14072,L,L
10979,L,L
18005,R,R
17801,L,R
16879,R,L
17457,R,R
17867,L,R
11584,S,R
16059,R,R
16828,L,L
14464,R,R
13094,L,L
15590,L,R
15532,R,R
17473,L,L
16710,R,R
17932,L,L
11232,L,L
12960,L,L
13116,R,R
11330,S,R
13083,R,R
14352,R,R
16491,L,L
17561,L,L
13313,R,R
17893,S,R
12890,R,L
14207,R,R
8793,R,R
18276,L,L
14189,R,R
11564,R,R
16787,R,R
15947,R,R
12627,R,R
15944,L,R
13777,R,R
12456,L,L
13958,R,R
12869,R,R
18038,R,R
17392,R,L
14636,R,R
15770,L,R
14773,S,R
12597,L,L
10940,L,L
12152,R,R
15709,R,R
13260,L,R
14861,L,L
13346,R,R
11377,S,R
16799,L,L
17474,R,R
14315,R,R
13343,L,R
9045,S,R
11614,R,R
17231,L,R
14964,R,R
15115,R,R
9545,R,R
15100,R,R
18266,R,R
15202,L,L
17958,R,R
15574,L,L
17551,R,R
16611,L,R
15314,L,L
16660,L,L
13809,L,R
11572,R,R
11537,S,R
17387,L,R
14415,R,R
11826,L,L
12725,S,L
12752,R,R
13615,L,R
14514,R,R
17326,R,R
16061,R,R
12448,R,R
14382,R,R
12776,R,R
15126,R,R
12633,L,L
16606,R,R
13920,R,R
12079,S,R
16480,S,R
12883,R,R
16871,R,R
16727,S,R
17484,R,R
16120,S,R
11638,L,L
12895,R,R
13954,R,R
17355,R,R
14818,R,R
14540,S,R
14678,R,R
12939,R,R
17507,R,R
13772,R,L
12257,L,R
14049,L,L
14388,R,R
12562,L,R
15788,R,R
17388,L,L
18058,S,R
15730,S,R
14183,L,L
16189,S,R
15987,L,R
12823,S,L
17805,L,L
15183,S,R
7978,S,R
6718,R,R
12357,R,R
18016,R,R
14462,R,R
13913,L,R
13880,R,R
13947,R,R
13285,L,L
17438,R,R
12756,L,L
14729,L,L
15775,R,R
11250,L,R
15727,R,R
17410,R,R
12367,R,R
17873,R,R
16514,L,L
17281,L,R
17912,R,L
15997,R,R
14126,L,L
10533,R,R
12438,R,R
14073,L,R
16406,R,R
13377,R,R
12312,R,R
18014,R,R
12044,R,R
16033,R,R
12228,R,R
15867,R,R
15004,R,R
15565,L,L
17690,L,L
16223,R,R
14765,R,R
15571,R,R
11751,L,R
15355,S,R
13946,R,R
12249,R,R
16812,R,R
13227,L,L
17818,R,R
15105,L,L
17522,R,R
12392,R,R
10399,L,L
17856,R,R
18037,S,R
12421,R,R
12386,S,R
16518,R,R
12078,R,R
10971,R,R
10958,R,R
17343,R,R
18391,R,R
11580,R,R
16770,R,R
13345,R,R
16388,R,R
15376,R,R
14288,R,R
16079,S,R
16376,R,R
13574,R,R
16369,R,R
16728,R,R
12105,R,R
12066,L,L
12999,L,R
18451,R,R
14802,S,R
16699,R,L
10559,L,L
16151,R,R
10474,R,R
9334,R,R
12359,R,R
15151,S,R
13299,R,R
13891,L,R
16652,R,R
14789,R,R
14728,R,R
14978,R,R
14233,S,R
12173,R,R
14092,L,L
16742,R,R
11813,R,R
15831,R,R
16659,R,R
15239,R,R
15698,R,R
16046,R,R
15029,S,R
11312,R,R
15455,R,R
14266,R,R
16827,S,R
14947,R,R
15143,L,R
17042,L,L
12953,R,R
14383,L,L
16607,S,R
13819,L,R
15835,L,R
16204,R,R
14992,R,R
7977,R,R
17347,R,R
14864,R,R
10672,L,L
17217,L,L
16673,R,R
18031,L,R
17062,R,R
12698,L,L
17188,R,R
12893,R,R
13623,R,R
16521,R,R
17824,R,R
16749,R,R
12710,L,R
15702,L,L
15645,R,R
16897,R,R
16686,R,R
15299,R,R
17490,R,R
15902,L,L
16405,R,R
16694,R,R
16762,S,R
16908,L,L
15776,R,L
12829,L,L
13634,R,R
16582,R,R
15748,S,L
13970,L,R
11993,L,R
10663,R,R
16195,L,R
17351,R,R
12858,L,L
12598,R,R
18466,L,R
16717,L,L
12107,L,R
13770,R,R
14859,L,L
17961,R,R
15953,L,R
14867,R,R
15671,L,R
15128,L,L
17921,R,R
12820,R,R
10793,R,R
11217,L,L
9248,R,R
12814,R,R
12924,R,R
13604,L,L
17499,S,R
15866,R,R
13373,S,R
15034,L,R
8807,L,R
13878,L,R
14746,S,R
13052,L,R
15771,R,R
11792,R,R
16690,R,R
14247,R,R
16161,L,R
11535,L,L
14019,R,R
15317,R,R
10989,R,R
18455,S,L
13633,L,L
10961,R,R
12706,S,R
18043,R,R
15258,R,R
15945,L,L
17517,R,R
17250,S,R
14268,S,R
16064,S,R
17254,S,R
15154,S,R
11602,R,R
17251,R,R
15561,S,R
13689,R,R
12336,L,L
15037,R,R
15891,R,R
16649,S,R
16687,R,R
15904,S,R
17370,R,R
15059,R,R
16019,L,L
16733,L,R
13388,R,R
11650,L,L
17284,R,R
9314,L,R
16005,L,L
18284,R,R
13284,R,R
16386,R,L
13731,L,L
11771,R,R
14012,L,L
12822,L,R
15704,L,R
13093,L,L
12259,R,R
17063,R,R
12069,R,R
8363,R,L
9086,R,R
14862,R,R
10136,L,L
13850,R,R
6807,L,R
11024,L,R
11001,R,R
8768,R,R
17841,S,R
15049,R,R
14452,R,R
17047,R,R
11730,R,R
13632,S,L
15957,L,L
16213,L,L
17307,R,R
16500,R,R
15302,L,L
11808,S,R
15843,L,L
18085,L,L
13945,R,R
12774,R,R
14656,L,L
17333,L,L
18115,R,R
12449,L,L
16684,R,R
10801,R,R
13393,R,R
16232,S,R
17332,R,R
12901,L,L
10913,R,R
11655,R,R
16683,R,R
13989,L,R
16920,L,L
12181,S,R
17446,L,R
16123,R,R
15828,L,R
9754,R,R
17380,L,L
15726,L,L
17287,S,R
15740,R,R
16915,R,R
13369,L,L
15652,L,R
12951,R,R
16168,R,R
13851,L,R
17205,R,R
17292,S,R
12380,R,R
11007,S,R
12120,R,R
17424,L,L
15603,R,R
16709,L,L
15140,R,R
17918,L,R
10885,L,L
7359,R,R
13183,R,R
13482,L,L
18392,L,L
17944,R,L
14632,R,R
11518,R,R
13336,S,R
10135,L,L
15006,R,R
7696,L,L
18261,R,R
12897,R,R
15286,R,L
15633,R,R
12899,L,L
14419,R,L
18051,R,R
15634,R,R
15366,R,R
16220,R,R
15762,L,L
11752,R,R
13883,L,R
14944,R,R
16724,R,R
16802,S,R
15950,L,L
16835,L,R
16051,R,R
18299,R,L
11004,R,R
11776,R,R
15268,R,R
16073,R,R
17858,R,R
14456,R,R
8527,R,R
16506,L,R
17276,R,R
16077,R,R
17203,R,R
12384,R,R
14077,R,R
15592,R,R
15531,R,R
17252,L,R
11296,R,R
14606,L,R
12925,R,R
16918,S,L
11261,L,L
16804,R,R
12851,R,R
11921,L,L
9189,L,L
13875,R,R
15069,R,R
11746,R,R
17358,L,L
16069,R,L
10490,R,R
13626,R,R
14684,R,R
18103,R,R
14896,R,R
11422,R,R
15729,R,R
16639,L,L
13022,R,R
14406,R,R
11019,R,R
13974,R,R
18395,R,R
10825,R,R
17542,R,R
15017,R,R
17480,L,L
11430,R,R
15628,R,R
12170,R,R
11568,L,R
14635,R,R
14568,R,R
17311,S,R
14454,R,R
17487,R,R
14322,L,L
15008,L,L
12260,L,R
17369,R,R
13399,R,R
9757,R,R
15827,S,R
15744,R,R
15566,R,R
16617,R,L
14788,R,R
15912,R,R
15732,R,R
12099,R,R
12246,R,L
14136,R,R
16597,R,R
14552,R,R
15768,R,R
13810,L,R
14100,S,L
7871,R,R
18060,L,L
11308,R,R
16154,R,R
18300,R,R
11781,R,L
15411,R,R
10428,R,R
13931,S,R
17329,R,R
14916,L,R
17800,R,R
10422,R,R
13011,S,L
15375,L,L
17784,S,R
13327,R,R
16789,R,R
14366,L,L
17218,L,L
13670,S,R
12442,L,L
16390,L,L
17833,L,L
18257,S,R
12217,R,R
16212,R,R
16055,R,R
14408,R,R
12169,L,L
14607,L,R
17540,L,L
14693,S,R
11611,R,R
13607,R,R
16236,L,R
15390,R,R
12884,L,R
16486,S,R
17324,L,L
15127,R,R
17236,R,R
17283,L,L
14442,L,L
12997,R,R
11600,R,R
13311,R,R
12496,R,R
17040,R,R
11293,L,L
14332,L,L
12250,R,R
15948,R,R
14257,S,R
13018,R,R
11392,R,R
10756,L,R
17267,L,R
11605,R,R
15097,S,R
14855,R,R
16026,L,L
14323,R,R
15936,L,L
14687,L,L
13971,L,L
14393,R,R
12722,R,R
11908,R,R
11935,L,L
15695,R,R
11991,R,R
10690,L,L
17237,R,R
11990,S,R
17851,S,R
9865,R,R
9222,R,R
13685,R,R
14670,R,R
15351,R,R
17428,R,R
12581,L,L
8384,L,L
8360,L,R
13579,R,R
15196,L,R
11620,L,R
12808,L,R
13537,R,R
15735,L,R
8205,L,L
17947,R,R
18034,L,R
13813,R,R
17993,L,R
17830,S,R
15228,R,R
12256,L,L
9766,R,R
15112,L,R
16513,R,R
12252,R,R
7929,R,R
11783,R,R
17888,R,R
16894,R,R
17378,R,R
15534,R,R
13382,R,R
16685,R,R
15816,R,R
13100,R,R
12342,S,R
14498,S,L
13829,L,R
10994,L,L
16925,L,R
12643,R,R
13277,R,R
14153,L,L
15496,R,R
14016,L,L
15815,R,R
11121,L,R
14536,L,L
16822,R,R
12765,R,R
17501,R,R
17255,L,L
14613,R,R
14507,R,R
17954,R,L
16520,R,R
15419,R,R
16914,R,R
16816,L,R
16773,S,R
18065,R,L
13804,L,L
12920,L,L
18100,L,L
18109,L,R
15715,R,R
10956,R,R
10990,L,R
13419,L,L
16697,R,R
16874,L,L
12742,L,L
15322,L,R
13888,R,R
15813,R,L
12615,R,R
13895,R,R
11276,R,R
11728,R,R
18025,R,R
16594,R,R
17982,R,R
10992,L,L
10105,R,R
17467,R,R
16803,L,L
15353,S,L
12378,R,R
12833,R,R
15803,L,L
16201,R,R
17394,R,R
10986,R,R
12959,R,R
11727,R,R
18000,R,R
17920,L,R
14810,L,L
17262,R,R
12274,S,R
9579,R,R
17881,L,R
10364,R,R
14155,R,R
11341,S,R
14196,R,R
10544,L,R
16634,S,R
14987,R,R
11692,S,R
13896,R,R
11208,L,R
15761,R,R
10938,R,R
17271,R,R
14141,R,R
13135,R,R
13263,R,R
17794,S,R
17923,L,L
17876,R,R
16678,R,R
15864,R,R
13519,R,R
11316,L,R
12014,R,R
17379,R,R
17447,R,R
15487,L,L
16765,L,L
16044,R,R
15737,R,R
13897,L,R
17425,R,R
16530,R,R
16166,R,R
16121,R,R
13582,R,R
15150,R,R
12970,L,R
18465,R,R
17264,R,R
15972,R,R
14200,R,R
12365,L,R
13612,R,R
17305,R,R
15598,R,R
11005,R,R
16248,L,L
11836,L,L
11213,R,R
11011,L,L
15405,R,L
18048,R,L
14401,R,R
17402,R,R
10129,R,R
13236,L,L
8096,S,R
11653,R,R
16116,R,R
17983,R,R
10976,R,R
18259,L,L
15755,R,R
13045,R,R
14838,R,R
15604,R,R
16642,R,R
13417,R,R
12948,L,L
12984,S,R
17052,R,R
13647,L,R
13330,S,R
14821,L,R
17431,R,R
15160,R,R
15978,R,R
9420,R,R
17464,S,R
17865,R,R
14941,L,L
13669,R,R
15940,R,R
14424,L,R
17493,R,R
18063,L,L
14740,R,R
13092,L,L
9052,L,L
17906,R,R
13509,R,R
14240,R,R
17887,R,R
11708,L,R
11022,S,R
16134,S,R
13073,R,R
12735,R,L
9705,L,L
16844,L,L
16191,R,R
11417,L,L
11943,R,R
17786,L,L
14956,R,R
12590,R,R
14487,R,R
14075,L,R
9776,L,R
16917,L,L
15389,R,R
16859,L,R
18099,R,R
10560,R,R
14943,L,L
12593,R,R
13181,L,R
15050,R,R
17213,R,R
12957,R,L
12479,R,R
12473,R,R
11795,L,L
11809,R,R
14413,R,R
15307,R,R
12630,R,R
10864,R,R
7364,L,R
15252,R,R
16800,L,R
13921,R,R
17450,R,R
13908,R,R
16848,L,L
12157,S,R
12745,R,R
9673,R,R
14946,R,R
14178,L,L
17051,R,R
10802,R,R
18297,R,R
16502,R,L
15397,R,R
12717,R,R
14511,R,R
16881,S,L
12371,R,R
16866,R,R
17950,R,R
13666,L,L
16028,R,R
17783,R,R
13488,R,R
12104,S,L
12012,R,R
17310,R,R
14751,L,L
12480,L,L
13816,R,R
15857,L,R
8859,R,R
15630,R,L
15026,L,L
9035,R,R
15223,L,R
14961,R,R
16784,L,L
15537,S,R
11686,R,R
13688,R,R
17057,L,L
17365,R,R
16363,L,L
16752,L,L
15497,S,R
16076,R,R
13983,L,R
17212,R,R
17184,R,R
15267,L,L
12387,R,R
12834,R,R
14988,L,L
17515,R,R
14643,R,R
13359,L,R
18267,R,R
11040,R,R
15117,R,R
14036,R,R
17340,R,R
17519,L,L
16644,R,L
12764,L,L
12498,L,L
16193,L,L
10448,L,L
12474,R,R
14258,S,R
12792,S,L
16110,L,L
9137,R,R
18268,R,L
12596,R,R
14625,R,R
14101,S,R
16763,R,R
11945,R,R
15631,R,R
15298,R,R
10977,R,R
10091,L,R
17848,R,R
14405,R,R
15447,R,R
16648,R,R
16362,L,L
15292,L,L
16479,R,R
12787,L,R
13136,L,L
14501,R,R
12393,R,R
16631,R,R
16381,R,R
11790,L,L
12921,L,L
11555,R,R
12429,S,L
11977,S,R
12711,R,R
17308,R,R
14273,R,R
16067,R,R
12848,L,L
14325,R,R
16781,R,R
16779,S,R
16504,R,R
17230,R,R
16677,R,R
15479,L,L
14718,R,R
15790,L,L
15784,R,R
16861,R,R
14222,R,R
14391,L,L
15791,L,L
7654,L,R
15025,S,R
9109,S,R
11785,S,R
8350,R,R
10898,L,L
14860,L,R
11914,R,R
9982,R,R
12229,R,R
17317,R,R
14857,L,R
12240,S,R
5394,S,R
15529,L,L
11997,S,R
13242,L,L
10634,R,R
15123,R,R
17806,L,L
15606,R,R
10025,L,L
16493,R,R
13374,R,R
14397,R,R
13475,R,R
15047,S,R
12286,S,R
13041,R,R
13097,L,L
13302,R,R
15244,R,R
16636,R,L
12741,R,R
17345,L,R
13807,R,R
12223,R,R
13081,R,R
14974,S,R
17789,L,R
13605,L,L
18258,R,R
12684,R,R
15717,S,R
15756,R,R
14431,R,R
15929,S,R
14447,L,R
11256,R,R
16002,R,R
16163,R,R
17997,L,R
13530,R,L
14880,R,R
16238,R,R
16645,R,R
17495,R,R
16063,R,R
14842,S,L
15921,R,R
12422,R,R
12033,L,L
15802,L,R
10600,R,L
15821,S,R
15064,R,L
16716,R,R
14407,L,L
15657,L,L
9353,L,R
12565,R,R
16126,R,R
13485,R,R
17557,L,L
16217,R,R
11020,R,R
11796,R,R
14428,L,L
16025,R,R
18026,R,R
13597,R,R
12351,S,R
13742,R,R
10984,L,L
15879,S,R
14622,R,R
15381,R,R
16801,R,L
15441,R,R
18096,S,R
16507,R,R
15661,L,L
13966,S,R
17910,R,R
10009,L,R
17908,R,R
17516,R,R
16780,R,R
14121,R,L
16368,R,L
11797,R,R
16001,L,L
11041,L,R
17521,R,R
13028,R,R
11829,R,R
13091,R,R
14435,S,L
15952,L,R
15341,S,R
15152,R,R
9610,S,L
16020,R,R
12374,R,R
11777,R,R
16400,R,R
11717,L,L
14486,R,R
12087,L,R
16713,L,R
13060,L,R
12995,L,L
16774,S,R
15868,R,R
11630,S,R
14813,L,R
12733,R,R
10380,S,R
16057,R,R
15841,S,R
15974,R,L
13835,R,R
15020,R,L
12888,R,R
17927,L,L
13282,R,R
14654,S,R
10176,R,R
13432,S,R
15616,L,L
11616,R,R
13396,R,R
16397,L,L
15190,R,R
13928,L,R
13281,R,R
16360,R,R
15635,R,R
11558,L,L
14872,L,L
17069,L,L
16851,S,R
9679,R,R
10967,L,R
17793,R,R
11455,R,R
15111,R,L
14331,R,R
14716,R,R
10110,R,R
16162,R,R
17436,L,L
17956,L,L
14744,R,R
17879,R,R
13624,S,R
13418,R,R
12463,L,L
14556,R,R
16791,L,L
12971,L,L
12907,R,R
18074,R,R
11624,R,R
15937,S,R
9598,R,R
10978,L,L
11482,L,R
15399,R,R
16489,S,R
17315,R,R
11599,R,R
12821,L,L
15065,R,R
7772,R,R
10010,R,R
17445,R,R
8763,R,R
14500,R,R
17377,L,L
16017,R,R
17526,S,R
12932,R,R
7340,R,R
11626,S,R
15961,L,L
15071,L,R
17325,R,R
15281,R,R
14218,L,R
11305,S,R
16081,L,L
13358,R,R
11816,S,R
14520,R,R
10718,R,R
11324,R,R
15325,L,R
17968,R,R
12631,R,R
13004,R,R
13823,L,L
17866,L,R
10099,S,R
8583,R,R
12425,L,L
12755,L,R
10140,L,L
13943,R,R
15507,L,L
16663,L,L
14057,L,L
18282,R,R
12789,L,L
12486,R,R
13483,R,L
13808,R,R
16404,R,R
16825,R,R
14477,R,L
13370,R,R
12811,R,R
9102,R,R
12941,S,R
10368,R,R
17938,L,L
11569,S,R
12297,R,R
14883,R,R
13944,R,R
18453,L,R
11003,S,R
14558,R,R
15767,R,R
12578,R,R
13328,L,L
17404,R,R
13069,R,R
9398,S,R
16805,R,R
10622,R,R
18017,R,R
16366,R,R
12388,R,R
13638,L,L
12022,R,R
12243,R,R
12118,L,L
14375,L,L
15347,L,L
14569,R,R
12886,R,R
15750,R,R
15454,S,R
17341,R,R
17065,L,L
12083,R,R
15434,R,R
14839,S,L
13802,R,R
15061,L,L
12376,L,R
12415,R,R
15349,R,R
12560,R,L
14561,S,R
11534,L,L
16508,R,R
14054,R,R
13424,R,R
14365,R,R
12837,R,R
15721,R,R
11321,L,L
16036,R,R
11582,R,R
16516,R,R
13244,R,R
15817,R,R
11758,L,L
18291,R,R
14156,R,R
16776,R,R
13969,R,R
15707,L,L
15614,L,R
14576,S,R
16830,R,R
17400,S,R
14275,R,R
16668,R,R
13631,R,R
12110,R,R
16250,R,R
8007,R,R
13096,S,R
8267,L,R
14451,R,R
16392,R,R
12128,R,R
15303,R,R
11676,S,R
11737,R,R
17256,R,R
15535,L,L
14640,L,L
16023,R,R
14090,R,L
17411,R,R
14264,R,R
14102,R,R
16735,R,R
10531,R,R
14084,R,R
15327,R,R
17409,R,R
12818,R,R
16701,L,L
13600,S,R
16014,R,R
16621,S,R
13948,R,R
11716,R,R
12877,R,R
15915,R,R
11697,L,L
13592,R,R
17463,R,R
16378,L,L
18089,L,L
13130,R,R
13016,S,R
13902,R,R
9318,R,R
13892,S,L
16771,L,L
15615,L,L
13981,R,L
17872,R,R
11000,R,R
16527,S,R
15426,R,R
16045,R,R
15230,R,R
17420,R,R
16624,L,R
16012,R,R
9615,R,R
14830,R,R
16099,R,R
16590,R,R
12813,R,R
9703,L,R
10507,S,R
10715,L,L
14817,R,R
16638,R,R
13250,R,R
11881,L,R
15860,R,R
16718,R,R
15379,R,R
13441,R,R
12656,L,L
10763,L,L
13095,R,R
15966,S,R
13933,L,R
16034,L,L
16711,R,R
16355,L,L
12131,S,R
15312,R,R
18298,R,R
14783,L,L
8036,R,R
17454,R,R
12975,R,R
17383,R,R
12077,R,R
15669,L,L
17855,L,L
16627,R,R
17486,R,R
15055,S,R
15920,R,R
14630,R,R
16662,R,R
15855,R,R
15689,L,L
14874,R,R
17933,R,R
14545,L,L
14489,R,R
14414,R,R
15098,R,R
12086,L,R
9986,L,L
14248,R,R
12584,L,L
7991,R,R
15048,R,R
17549,R,R
17285,L,R
16524,R,R
15576,R,R
17395,S,R
15205,L,R
15367,R,R
12600,R,R
17553,R,R
8377,R,R
13557,R,R
14659,R,R
13308,L,L
13179,R,R
13296,S,R
16106,R,R
16074,R,R
16375,R,R
13667,R,R
12186,R,R
15428,R,R
13344,R,R
11030,R,R
12269,R,R
17297,R,R
14482,L,R
16664,R,R
15396,R,R
16093,R,R
10609,L,L
14981,S,R
17049,R,R
16846,L,R
13209,L,L
10866,R,R
12331,S,R
14262,R,R
11018,S,R
8715,R,R
17421,R,R
17398,R,R
10954,R,L
11723,L,R
16394,R,R
10964,R,R
15773,R,R
14954,L,L
11089,R,R
13318,R,R
14010,R,L
16185,R,L
16395,R,R
17781,R,R
14202,R,R
17337,L,R
14521,L,R
12154,R,R
11080,R,R
17211,L,L
12242,R,R
11642,R,R
12923,R,R
12757,S,R
13555,R,R
13499,S,R
15458,R,R
17440,L,L
15022,R,R
15665,L,R
17822,S,R
12026,R,R
15456,R,L
17471,R,R
17815,L,R
18295,S,R
16682,R,R
15091,S,R
11235,L,L
17701,R,R
9571,R,R
14421,R,R
15277,L,L
16011,L,R
11593,L,L
17263,R,R
13743,R,R
11561,R,R
10391,R,R
15584,L,L
12715,S,R
12023,L,L
15519,L,R
11461,R,R
17814,R,R
15881,L,R
14736,R,R
10516,R,R
13636,L,R
18009,L,L
15674,L,R
8642,L,L
15794,R,R
13866,R,R
16875,S,R
9462,L,L
14398,R,R
16860,L,L
15575,L,L
13815,R,R
11380,R,R
15276,S,R
15218,L,R
17390,R,R
14710,L,L
13348,R,R
16795,R,L
13640,R,R
15393,L,R
13927,R,R
17819,R,R
8885,R,R
16247,R,R
13286,R,R
15792,L,R
16209,S,R
17354,R,R
12937,R,R
12855,R,R
17889,R,R
15942,L,L
11936,R,R
13614,L,L
16200,L,L
14689,L,L
13493,R,R
13861,R,R
12638,R,R
11249,L,R
11233,R,R
14782,R,R
12569,L,L
14239,L,R
17282,R,R
11195,L,L
12761,R,R
17977,L,L
17696,R,R
11608,L,L
18289,R,R
16007,R,R
15418,R,R
16880,R,R
16715,R,L
11224,S,R
11369,L,R
12220,R,R
13298,L,L
13013,L,L
11827,L,L
17812,R,R
16670,R,L
11953,L,L
15398,R,R
14764,R,R
17140,L,L
17275,L,L
17334,R,R
14748,S,R
11329,R,R
14595,R,R
13154,R,R
16705,R,R
13491,L,L
15337,R,R
15378,L,L
16831,L,L
16049,L,L
14762,R,R
17187,R,R
13333,R,R
13746,R,R
15462,L,L
17802,R,R
14416,R,R
15883,L,L
16094,R,R
17900,S,R
12931,S,R
15963,R,R
12245,R,R
13781,L,R
10181,S,R
13288,L,L
11034,R,R
9530,S,R
12424,L,L
12832,R,R
12065,R,R
15754,S,R
12777,R,R
16778,S,L
12809,R,R
18087,R,R
15778,R,R
13132,R,R
15837,R,R
16679,L,R
15512,R,R
13547,R,R
16817,L,L
13650,R,R
17899,R,L
16909,R,R
13049,L,L
16596,R,R
14349,L,L
11707,S,R
11906,R,R
17904,R,R
10831,R,R
11035,R,R
15525,R,L
13080,R,R
16494,L,L
15414,R,R
18461,R,R
15271,R,R
18019,R,R
15144,R,R
15526,R,L
14845,R,R
16101,R,R
17459,R,R
11742,R,R
14199,R,R
15066,L,L
16856,R,R
15369,S,R
11199,R,R
16826,R,R
16128,R,R
15943,L,L
6070,L,L
16047,R,R
15760,R,R
17033,L,L
13394,L,R
17437,R,R
16131,L,L
11973,L,L
13681,R,R
12585,R,R
13673,R,R
14833,R,R
16207,R,R
16082,L,R
16373,S,R
18460,R,R
15137,L,L
13784,R,R
13660,R,R
18036,L,R
11331,R,R
14816,L,R
16511,R,R
12568,R,R
12373,L,L
11473,L,L
12719,R,R
15986,L,L
12201,R,R
11037,R,R
18001,R,R
17385,L,L
17807,S,R
16585,R,R
11021,R,R
18041,R,R
14829,R,R
15505,R,R
13444,R,R
11494,R,R
17364,L,L
18097,R,R
12379,L,R
12603,R,R
9578,S,R
14979,L,L
16852,R,R
16750,R,R
16379,R,R
16387,R,R
13822,L,L
15542,S,R
17816,R,R
12976,L,R
14384,R,R
13936,R,R
9605,R,L
14192,R,R
8012,R,R
17483,L,L
15981,R,R
13421,R,R
14824,L,L
15054,R,R
11952,R,R
16367,R,R
16783,R,L
16633,R,R
16640,R,R
14982,S,R
17795,R,R
12411,R,R
14882,R,R
16820,R,R
14968,R,R
13733,L,R
15951,L,L
16656,L,L
10854,R,R
13368,S,L
15818,R,R
11719,R,R
13078,L,L
14918,S,R
16721,R,R
16183,L,L
13437,R,R
14064,R,R
16913,L,L
14094,R,R
13671,S,R
17244,S,L
15435,R,R
18073,L,R
15266,L,R
9499,R,R
17870,S,R
14091,L,L
15935,L,R
15189,R,R
12426,R,R
14919,R,L
11639,L,R
13767,L,L
12880,R,R
11225,R,R
15015,S,R
14425,L,L
16661,R,R
12409,L,L
14067,R,R
15527,R,R
12341,R,R
15800,R,R
13043,R,R
15513,L,R
9751,S,R
13583,R,R
14530,R,R
15999,R,R
12994,L,L
14370,R,R
10590,R,R
16589,L,L
15136,R,R
12139,R,R
13272,L,L
13251,R,R
16147,L,L
18079,L,L
14185,R,R
16873,S,R
12785,R,R
14557,R,R
14259,R,R
17926,L,L
12117,L,L
14137,R,R
12445,S,R
7601,S,R
14582,R,R
16385,S,R
11237,R,R
10405,R,R
9139,S,R
17811,R,R
15412,R,R
17987,L,R
15697,R,R
18102,L,L
11684,L,L
15156,S,R
12401,R,R
12490,R,R
16896,L,R
15858,S,R
14134,L,R
16122,R,R
13289,R,R
13668,R,R
14831,R,R
15548,L,L
13448,L,L
11629,L,L
12748,L,R
10636,L,L
12806,R,R
10493,L,R
10117,R,R
9967,L,L
17965,R,R
10987,R,R
14474,L,L
10832,R,R
9718,L,R
13306,R,R
13790,R,R
14726,R,R
17550,L,L
15691,S,R
16868,R,R
9105,R,R
8727,R,R
17451,L,L
14252,R,R
13356,L,R
17376,R,R
11241,L,L
18098,R,R
15035,L,L
8765,R,R
17992,L,L
18288,R,R
17533,R,R
17943,R,R
14412,S,R
17989,L,L
11013,S,R
10647,S,R
16214,R,R
10400,R,R
15647,R,R
18045,L,L
11942,R,R
14676,R,R
14534,L,R
17197,L,L
16899,L,L
15907,R,R
17911,R,R
10728,R,R
11544,L,L
12464,R,R
16740,R,R
12403,R,R
9024,R,R
15333,R,R
17054,R,R
13099,L,R
16009,R,R
9531,L,L
13324,R,R
15170,L,L
15028,R,R
11246,R,R
10664,R,R
12101,R,R
13762,R,R
11747,R,R
15757,L,L
14319,L,L
16669,L,R
15979,R,R
12750,R,R
14341,R,R
16228,R,R
11427,R,R
16695,R,R
9621,R,R
15769,R,R
13059,L,L
12607,S,R
17936,L,L
18387,R,R
14755,R,R
17041,R,R
11607,L,L
10999,R,R
16888,R,R
14593,R,R
14400,R,R
15306,L,L
17834,L,L
15648,R,R
12669,R,R
12436,R,R
11918,L,L
16625,L,L
14836,L,R
18112,L,L
14504,R,R
11298,L,R
12040,R,R
16893,L,R
14469,S,R
16246,L,L
15129,R,R
13390,R,R
13935,R,R
13925,R,R
15410,R,R
14709,L,L
16088,R,R
16080,L,L
15084,R,R
16719,R,R
17060,R,R
17880,R,L
11606,R,R
17201,R,R
15596,R,R
11578,S,R
11031,R,R
15102,S,R
13769,R,R
15159,R,R
14886,L,R
10180,L,R
17843,R,R
15514,R,R
17492,R,R
18012,R,R
11214,L,L
16777,L,L
15939,R,R
16693,R,R
13228,R,R
13548,R,R
15654,L,L
13055,R,R
16720,R,R
15844,L,R
16169,L,R
12655,R,R
15016,L,R
13538,L,R
17823,R,R
15830,S,R
13575,R,R
15863,R,R
17863,L,R
18022,R,L
15386,L,L
