ID,DOB
157,03/01/1959
772,09/29/1959
4121,12/18/1959
266,03/02/1960
362,03/30/1960
623,05/18/1960
588,09/05/1960
44,12/26/1960
641,01/09/1961
987,01/30/1961
1463,03/05/1961
689,04/18/1961
964,05/04/1961
30,05/04/1961
112,06/07/1961
733,08/13/1961
766,08/16/1961
426,08/22/1961
1333,08/31/1961
242,09/08/1961
222,11/22/1961
15,12/05/1961
110,01/25/1962
211,03/29/1962
391,04/02/1962
587,04/07/1962
348,04/18/1962
180,04/28/1962
600,05/06/1962
331,05/20/1962
93,05/31/1962
1016,06/08/1962
709,06/09/1962
464,06/10/1962
412,06/29/1962
370,07/27/1962
334,08/18/1962
1,08/23/1962
168,09/03/1962
567,09/06/1962
83,09/24/1962
638,10/15/1962
109,10/22/1962
508,11/05/1962
704,11/24/1962
972,11/25/1962
346,12/14/1962
815,12/21/1962
595,01/29/1963
379,02/04/1963
270,02/07/1963
963,02/19/1963
633,02/27/1963
651,03/16/1963
765,04/12/1963
1422,04/15/1963
97,04/22/1963
670,05/08/1963
1464,06/04/1963
321,06/30/1963
602,07/02/1963
618,08/19/1963
32,09/11/1963
374,09/14/1963
1247,09/17/1963
453,10/10/1963
1012,10/30/1963
1159,11/03/1963
738,11/08/1963
438,11/14/1963
131,12/06/1963
57,12/09/1963
664,01/09/1964
407,01/26/1964
499,02/05/1964
443,02/20/1964
283,03/12/1964
144,03/26/1964
90,03/28/1964
576,04/11/1964
37,04/30/1964
684,05/02/1964
4126,05/03/1964
1168,05/08/1964
1170,05/17/1964
319,05/19/1964
1334,06/01/1964
996,06/04/1964
1408,06/11/1964
1412,06/14/1964
716,06/16/1964
1492,06/30/1964
120,07/25/1964
1442,07/29/1964
477,08/12/1964
40,09/09/1964
1114,09/11/1964
1217,09/23/1964
530,09/29/1964
1260,10/03/1964
503,10/17/1964
5893,10/22/1964
1766,10/27/1964
793,11/07/1964
293,11/12/1964
4470,12/04/1964
569,12/08/1964
1141,12/10/1964
550,01/07/1965
1341,01/28/1965
1036,02/03/1965
669,02/04/1965
702,02/08/1965
518,02/12/1965
1368,02/16/1965
4846,03/02/1965
469,03/02/1965
431,03/06/1965
610,03/14/1965
1388,03/19/1965
1142,03/23/1965
1239,04/12/1965
1021,04/18/1965
1263,04/20/1965
1369,04/25/1965
1240,05/29/1965
9,06/13/1965
1304,06/19/1965
309,06/27/1965
257,07/26/1965
152,08/24/1965
707,08/28/1965
740,09/10/1965
1889,09/14/1965
626,09/28/1965
326,10/04/1965
463,10/05/1965
1339,10/21/1965
1053,11/06/1965
2363,11/25/1965
119,11/26/1965
476,12/02/1965
644,12/02/1965
646,12/13/1965
81,12/16/1965
4845,12/25/1965
1196,01/02/1966
1468,01/13/1966
1290,01/14/1966
1346,01/15/1966
1191,01/22/1966
1618,02/19/1966
955,03/04/1966
1615,03/08/1966
498,03/12/1966
14,03/25/1966
1590,03/29/1966
683,04/11/1966
202,04/14/1966
31,04/15/1966
817,05/21/1966
1270,05/31/1966
1229,06/14/1966
437,06/17/1966
221,06/20/1966
1688,06/25/1966
1818,06/29/1966
2083,07/09/1966
1315,07/15/1966
292,07/24/1966
1689,07/29/1966
4844,07/31/1966
1437,08/05/1966
556,08/26/1966
489,08/30/1966
1666,09/01/1966
6614,09/03/1966
207,09/21/1966
888,10/18/1966
609,10/26/1966
1421,10/31/1966
1397,11/11/1966
1514,11/13/1966
1212,11/30/1966
1496,12/22/1966
1946,12/31/1966
5548,12/31/1966
1190,01/03/1967
1755,01/09/1967
1724,01/28/1967
1215,02/04/1967
1380,02/07/1967
2737,02/10/1967
1062,02/19/1967
484,02/28/1967
1363,03/03/1967
478,03/05/1967
2773,03/09/1967
5547,03/26/1967
691,03/29/1967
1698,04/07/1967
2556,04/11/1967
814,04/17/1967
1869,04/17/1967
1155,04/28/1967
1218,05/08/1967
1427,06/14/1967
1850,06/20/1967
1720,06/25/1967
4484,07/21/1967
2639,08/05/1967
1214,09/09/1967
2684,09/09/1967
2717,09/20/1967
2548,10/01/1967
2644,10/09/1967
56,10/17/1967
1844,10/24/1967
663,10/27/1967
929,10/30/1967
1101,10/30/1967
1638,10/31/1967
1717,11/13/1967
1847,11/13/1967
66,11/16/1967
2657,11/16/1967
1372,11/17/1967
1912,11/18/1967
854,12/09/1967
1343,12/14/1967
1164,12/15/1967
1488,12/28/1967
1845,01/04/1968
2589,01/08/1968
1371,01/20/1968
2610,01/22/1968
604,02/02/1968
2757,02/05/1968
1303,02/11/1968
1923,02/20/1968
2647,02/22/1968
758,03/05/1968
2759,03/13/1968
1716,03/19/1968
2745,03/19/1968
1226,03/21/1968
528,03/27/1968
2586,03/30/1968
1268,04/02/1968
459,04/09/1968
156,04/11/1968
2628,04/19/1968
2744,04/30/1968
143,06/02/1968
1608,06/05/1968
1589,06/25/1968
1588,07/08/1968
1841,07/20/1968
1696,07/25/1968
562,08/12/1968
1116,08/13/1968
5,08/19/1968
1816,08/21/1968
1115,08/29/1968
2678,08/31/1968
2761,09/17/1968
116,09/21/1968
2515,10/02/1968
531,10/20/1968
1693,10/30/1968
2682,10/31/1968
2557,11/01/1968
2659,11/04/1968
2530,11/06/1968
1543,11/08/1968
1795,11/11/1968
4475,11/14/1968
85,11/21/1968
1897,11/30/1968
1596,12/02/1968
2514,12/04/1968
6248,12/21/1968
1108,12/22/1968
2563,12/29/1968
2517,02/08/1969
1147,02/10/1969
1896,02/10/1969
1704,03/04/1969
2705,03/07/1969
2853,03/17/1969
2913,03/20/1969
1513,05/18/1969
2846,05/22/1969
243,06/01/1969
2834,06/01/1969
2820,06/08/1969
2576,06/08/1969
2801,06/15/1969
5542,06/20/1969
4468,06/21/1969
2825,06/22/1969
2895,07/11/1969
1931,07/13/1969
3359,07/15/1969
2819,07/26/1969
1517,07/27/1969
3300,08/23/1969
1801,09/04/1969
1768,09/10/1969
1664,10/08/1969
2886,10/14/1969
2917,10/16/1969
2906,10/19/1969
1668,10/20/1969
330,11/01/1969
7824,11/06/1969
2523,11/20/1969
645,11/21/1969
2799,12/06/1969
2866,12/12/1969
1856,12/25/1969
2708,12/27/1969
3360,12/28/1969
2902,01/08/1970
2889,01/14/1970
5549,02/02/1970
2808,02/13/1970
1429,02/19/1970
5209,02/25/1970
4493,03/10/1970
5544,03/12/1970
2351,03/22/1970
2880,04/04/1970
2904,04/05/1970
3443,04/11/1970
3458,04/23/1970
3037,05/01/1970
2982,05/24/1970
2840,05/25/1970
3785,05/29/1970
5898,06/03/1970
2386,07/09/1970
4478,07/09/1970
3439,07/18/1970
2396,07/21/1970
2935,07/21/1970
1988,07/28/1970
3306,08/06/1970
5539,08/10/1970
3467,08/20/1970
4840,08/23/1970
1827,08/26/1970
1982,09/04/1970
4158,09/09/1970
3408,09/10/1970
3061,09/15/1970
3039,09/21/1970
3474,10/02/1970
4486,10/04/1970
2942,10/09/1970
2946,10/12/1970
2578,10/29/1970
3447,11/04/1970
3469,11/04/1970
6251,11/12/1970
2354,11/15/1970
5894,11/17/1970
7825,12/19/1970
2994,01/02/1971
2666,01/06/1971
3454,01/08/1971
5191,01/16/1971
3034,01/16/1971
2352,01/17/1971
2321,01/17/1971
755,01/20/1971
3036,02/09/1971
1083,02/14/1971
2402,02/20/1971
3070,02/27/1971
1405,03/05/1971
2434,03/07/1971
3409,03/09/1971
5553,04/15/1971
3811,05/09/1971
2608,05/15/1971
3537,05/24/1971
2522,06/02/1971
2679,06/17/1971
2786,06/27/1971
2699,07/20/1971
2568,07/22/1971
3418,07/24/1971
5185,07/31/1971
7256,08/11/1971
2701,08/18/1971
95,08/21/1971
9634,08/28/1971
1088,10/14/1971
2748,10/18/1971
1356,10/19/1971
1616,10/24/1971
2519,10/29/1971
4469,11/05/1971
7255,11/09/1971
2535,11/20/1971
2506,11/27/1971
3826,12/06/1971
3494,12/17/1971
3825,01/24/1972
3834,01/29/1972
4495,02/08/1972
381,02/24/1972
2697,02/24/1972
5895,02/27/1972
2733,03/08/1972
2516,03/25/1972
2619,04/03/1972
4165,04/03/1972
3225,04/06/1972
8910,04/07/1972
65,04/17/1972
3840,04/22/1972
2675,05/23/1972
3871,05/26/1972
2588,05/28/1972
6609,05/31/1972
2873,06/13/1972
7254,06/15/1972
1658,06/16/1972
2677,06/19/1972
4193,06/19/1972
3354,06/20/1972
3252,06/26/1972
1127,06/28/1972
840,06/28/1972
3242,07/04/1972
3365,07/05/1972
3495,07/06/1972
1381,07/13/1972
2900,07/20/1972
3387,07/30/1972
485,08/09/1972
4196,08/15/1972
4499,08/17/1972
3308,09/28/1972
2768,10/05/1972
1863,10/08/1972
1415,10/18/1972
1331,10/19/1972
3301,10/26/1972
5537,11/10/1972
2777,11/30/1972
4191,12/12/1972
2883,12/12/1972
2918,12/14/1972
4187,12/17/1972
2885,12/21/1972
2833,01/03/1973
3869,01/08/1973
2884,02/14/1973
7514,03/16/1973
4518,03/24/1973
3215,04/14/1973
4216,04/16/1973
3797,05/03/1973
3780,05/03/1973
2805,05/13/1973
6615,05/17/1973
3449,05/22/1973
3787,05/23/1973
2809,05/25/1973
2501,06/01/1973
4242,06/02/1973
4278,06/03/1973
3432,06/05/1973
3788,06/11/1973
3460,06/20/1973
3684,06/25/1973
4247,06/28/1973
3256,07/03/1973
3207,07/17/1973
3307,07/18/1973
3183,08/07/1973
3227,08/10/1973
3770,09/05/1973
3396,09/18/1973
5216,10/01/1973
3222,10/02/1973
3015,10/14/1973
5220,10/25/1973
3025,10/26/1973
3692,10/28/1973
2987,11/01/1973
3312,11/02/1973
3190,11/18/1973
3217,11/18/1973
3224,11/20/1973
3047,11/29/1973
3232,11/30/1973
3441,12/08/1973
2937,12/11/1973
3798,12/18/1973
2979,12/19/1973
3049,12/23/1973
4070,01/10/1974
3223,01/24/1974
7522,01/26/1974
4542,01/29/1974
4239,02/08/1974
8153,02/12/1974
4229,02/21/1974
5215,02/26/1974
7826,03/26/1974
4896,03/30/1974
4096,04/07/1974
4098,04/10/1974
4901,04/12/1974
3669,04/13/1974
4225,04/17/1974
4583,04/21/1974
4248,04/26/1974
4230,05/28/1974
3088,06/12/1974
3136,06/22/1974
3167,07/04/1974
3542,07/08/1974
3172,07/16/1974
3688,07/31/1974
2948,08/06/1974
3773,08/06/1974
4604,08/20/1974
6626,08/20/1974
3122,08/27/1974
3650,08/28/1974
3687,08/29/1974
3120,09/04/1974
3488,09/04/1974
3507,09/10/1974
8628,09/14/1974
3691,09/20/1974
3080,09/20/1974
4027,09/22/1974
4601,09/22/1974
4879,09/24/1974
3712,10/03/1974
3147,10/09/1974
3268,10/16/1974
3544,10/20/1974
3486,10/22/1974
3489,10/26/1974
3150,10/28/1974
4875,11/03/1974
3533,11/03/1974
2952,11/04/1974
3693,11/07/1974
3734,12/01/1974
3169,12/15/1974
3690,12/18/1974
3135,12/19/1974
3290,12/24/1974
3698,01/21/1975
3678,01/31/1975
7516,02/21/1975
3130,03/05/1975
5546,03/11/1975
3702,03/11/1975
4609,03/15/1975
4553,03/16/1975
3173,03/19/1975
5925,03/25/1975
3694,03/27/1975
3701,04/09/1975
4427,04/23/1975
8904,04/28/1975
10557,05/03/1975
3699,05/08/1975
3119,05/19/1975
3521,05/24/1975
3586,06/01/1975
3567,06/03/1975
3133,06/15/1975
4025,06/22/1975
4039,06/28/1975
3914,06/29/1975
4558,06/30/1975
4180,07/08/1975
3117,07/09/1975
3887,07/09/1975
3608,07/10/1975
4972,07/13/1975
3753,07/14/1975
7822,07/14/1975
5221,07/18/1975
3896,07/23/1975
3094,07/25/1975
4171,08/20/1975
3912,08/24/1975
4184,09/01/1975
3890,09/10/1975
3755,09/17/1975
4133,09/25/1975
3587,09/28/1975
3151,10/05/1975
3578,10/17/1975
3607,10/24/1975
8150,10/28/1975
3592,10/31/1975
4944,10/31/1975
4071,11/03/1975
4078,11/04/1975
3141,11/07/1975
3160,11/10/1975
3581,11/16/1975
3534,11/23/1975
3643,11/29/1975
5239,12/01/1975
3553,12/02/1975
4069,12/13/1975
3602,12/13/1975
4045,12/14/1975
5229,12/26/1975
3885,01/02/1976
5264,01/08/1976
4041,01/08/1976
4067,01/09/1976
3626,01/11/1976
4093,01/17/1976
5242,01/17/1976
5227,01/18/1976
3565,01/23/1976
4918,01/26/1976
4066,01/29/1976
4076,01/31/1976
5238,02/03/1976
3564,02/03/1976
4956,02/05/1976
3562,02/07/1976
4128,02/07/1976
3639,02/12/1976
4729,02/18/1976
3632,02/23/1976
4074,02/24/1976
5294,03/07/1976
3621,03/07/1976
4176,03/18/1976
5321,03/27/1976
3893,03/28/1976
5319,04/04/1976
4052,04/08/1976
4461,04/09/1976
4061,04/25/1976
3991,05/08/1976
4153,05/12/1976
3630,05/17/1976
3850,05/22/1976
3923,05/23/1976
5274,05/27/1976
4400,05/30/1976
4240,06/01/1976
4416,06/03/1976
5924,06/09/1976
3958,06/16/1976
3976,06/28/1976
5317,07/08/1976
3634,07/09/1976
4235,07/17/1976
4407,07/17/1976
3932,07/21/1976
8625,07/25/1976
4013,07/30/1976
4417,08/10/1976
4959,08/16/1976
4924,08/19/1976
3954,08/22/1976
3987,08/25/1976
5315,09/09/1976
4009,09/16/1976
4000,09/27/1976
3994,10/02/1976
3844,10/09/1976
3945,10/12/1976
4426,10/19/1976
3933,10/21/1976
5316,10/28/1976
5338,11/01/1976
4389,11/03/1976
3962,11/05/1976
4420,11/08/1976
4423,11/15/1976
5578,11/21/1976
5330,11/30/1976
4146,12/01/1976
4536,12/06/1976
5590,12/09/1976
4277,12/10/1976
4238,12/11/1976
4509,12/28/1976
3951,01/07/1977
4384,01/07/1977
4233,01/17/1977
4437,01/19/1977
7821,01/20/1977
5587,01/26/1977
5277,01/30/1977
4217,01/31/1977
4241,02/04/1977
8906,02/06/1977
4791,02/06/1977
5667,02/06/1977
4236,02/10/1977
3940,02/25/1977
4421,02/28/1977
3977,03/03/1977
5646,03/06/1977
4515,03/31/1977
4428,03/31/1977
5090,04/06/1977
4335,05/05/1977
4270,05/06/1977
4213,05/09/1977
4353,05/17/1977
4432,05/19/1977
5674,05/20/1977
4572,05/23/1977
5659,05/23/1977
4621,05/31/1977
4485,06/04/1977
4291,06/19/1977
7823,06/21/1977
4218,06/22/1977
4740,06/23/1977
4575,06/24/1977
4333,06/26/1977
5951,06/27/1977
4318,07/04/1977
4577,07/16/1977
4774,07/18/1977
4874,08/03/1977
4348,08/07/1977
5610,08/08/1977
4616,08/10/1977
4012,08/15/1977
4309,08/21/1977
4005,08/22/1977
5965,08/22/1977
3955,08/24/1977
4600,08/25/1977
4878,08/25/1977
4779,08/28/1977
4373,09/04/1977
4794,09/04/1977
4487,09/07/1977
4561,09/08/1977
4783,09/11/1977
9872,09/15/1977
5670,09/23/1977
5280,09/24/1977
5678,09/28/1977
4359,10/03/1977
5160,10/09/1977
7252,10/13/1977
4726,10/21/1977
4368,10/31/1977
5634,10/31/1977
4010,11/05/1977
4833,11/06/1977
5635,11/07/1977
4790,11/08/1977
3959,11/09/1977
5654,11/14/1977
3980,11/20/1977
10550,11/21/1977
4735,11/26/1977
7253,11/26/1977
4314,11/27/1977
4883,12/04/1977
4825,12/04/1977
5155,12/08/1977
4306,12/11/1977
5126,12/14/1977
4821,12/17/1977
9630,12/28/1977
5675,01/01/1978
4374,01/11/1978
5624,01/21/1978
4567,01/23/1978
4297,01/26/1978
5619,01/29/1978
4620,02/06/1978
4848,02/08/1978
8909,02/12/1978
6316,02/14/1978
8911,02/14/1978
4586,02/21/1978
5103,02/26/1978
4744,02/27/1978
4340,03/07/1978
6306,03/08/1978
4554,03/12/1978
5133,03/18/1978
6289,03/19/1978
6294,03/23/1978
5087,03/31/1978
4835,04/08/1978
9875,04/13/1978
4851,04/17/1978
8164,04/27/1978
4349,04/29/1978
5950,05/08/1978
4672,05/09/1978
4773,05/12/1978
5235,05/16/1978
5237,05/17/1978
4764,05/24/1978
4289,05/26/1978
4889,05/27/1978
4824,06/03/1978
5130,06/06/1978
5991,06/07/1978
9876,06/09/1978
4800,06/23/1978
4698,06/27/1978
4858,06/29/1978
4964,07/07/1978
4713,07/08/1978
4890,07/11/1978
6016,07/12/1978
4667,07/18/1978
4634,07/20/1978
5261,07/22/1978
4330,08/01/1978
6297,08/01/1978
6308,08/18/1978
4948,08/20/1978
4372,08/23/1978
4866,08/31/1978
6314,09/02/1978
6645,09/13/1978
4717,09/16/1978
4303,09/19/1978
4716,09/19/1978
4659,09/23/1978
4312,09/28/1978
4979,09/29/1978
5125,10/04/1978
4628,10/07/1978
4650,10/10/1978
4714,10/11/1978
4715,10/11/1978
5463,10/11/1978
6304,10/13/1978
4597,10/17/1978
6283,10/18/1978
4371,10/22/1978
4642,10/27/1978
5138,10/31/1978
6038,11/03/1978
5247,11/09/1978
4692,11/09/1978
4666,11/11/1978
5255,11/15/1978
5240,11/23/1978
6309,11/25/1978
4689,11/25/1978
5997,11/26/1978
4934,11/26/1978
4640,11/28/1978
5128,12/03/1978
5205,12/05/1978
5254,12/09/1978
4701,12/12/1978
6649,12/13/1978
10547,12/13/1978
6007,12/21/1978
6313,12/31/1978
5979,01/02/1979
5113,01/09/1979
5980,01/10/1979
4695,01/12/1979
5112,01/22/1979
4913,01/25/1979
5795,01/26/1979
4673,01/26/1979
4632,01/29/1979
6941,02/07/1979
10345,02/10/1979
4638,02/16/1979
5132,02/19/1979
4665,02/26/1979
4923,02/28/1979
5122,03/03/1979
6000,03/06/1979
6032,03/09/1979
9633,03/12/1979
4675,03/19/1979
6022,03/20/1979
5256,03/20/1979
6389,03/22/1979
6942,03/24/1979
5135,03/30/1979
5451,04/07/1979
5117,04/09/1979
5167,04/10/1979
6328,04/16/1979
4636,04/17/1979
6315,04/25/1979
4951,05/06/1979
6937,05/13/1979
5129,05/18/1979
5014,05/28/1979
5046,05/29/1979
5551,05/29/1979
6673,06/17/1979
4945,06/18/1979
6660,06/18/1979
5059,06/19/1979
4988,06/20/1979
5137,06/21/1979
6368,06/22/1979
6682,06/23/1979
5033,06/27/1979
6284,07/01/1979
5051,07/01/1979
4993,07/09/1979
5158,07/13/1979
5843,07/14/1979
4658,07/19/1979
5290,07/27/1979
5835,07/29/1979
5488,08/03/1979
6397,08/15/1979
5073,08/16/1979
5012,09/02/1979
6373,09/09/1979
5296,09/11/1979
5019,09/13/1979
6394,09/20/1979
4668,09/21/1979
5486,09/23/1979
5003,09/29/1979
5037,09/29/1979
6382,10/10/1979
5471,10/11/1979
4691,10/14/1979
5574,10/15/1979
5018,10/18/1979
6359,10/20/1979
4674,10/20/1979
4998,10/27/1979
5032,10/28/1979
4985,10/28/1979
5052,11/01/1979
5001,11/07/1979
6653,11/22/1979
5022,11/27/1979
5040,11/29/1979
5604,11/29/1979
4999,12/12/1979
5323,12/22/1979
6666,12/28/1979
6950,12/31/1979
5495,01/03/1980
5056,01/07/1980
5852,01/12/1980
6366,01/14/1980
5048,01/26/1980
5308,01/27/1980
5480,01/29/1980
6967,02/07/1980
5530,02/11/1980
5049,02/15/1980
6147,02/17/1980
10742,02/26/1980
6936,03/04/1980
5784,03/08/1980
6746,03/10/1980
4995,03/12/1980
5031,03/22/1980
5002,03/24/1980
6357,03/24/1980
6751,03/28/1980
5473,04/10/1980
5015,04/16/1980
6962,04/17/1980
5055,04/27/1980
5058,05/03/1980
5029,05/06/1980
5005,05/10/1980
5303,05/12/1980
6986,05/16/1980
5521,05/22/1980
5533,05/25/1980
4996,05/29/1980
6154,06/04/1980
5779,06/08/1980
4994,06/15/1980
6959,06/16/1980
5845,06/18/1980
5938,06/20/1980
5637,06/20/1980
5392,06/22/1980
5514,06/24/1980
4991,07/01/1980
5276,07/12/1980
5412,07/16/1980
5929,07/21/1980
5956,07/23/1980
5609,07/24/1980
6694,08/04/1980
6748,08/09/1980
5657,08/10/1980
6957,08/11/1980
8907,08/13/1980
5837,08/17/1980
5045,08/22/1980
6969,08/23/1980
5076,08/25/1980
11272,08/27/1980
5023,08/30/1980
6732,08/31/1980
6143,09/02/1980
5386,09/02/1980
6760,09/04/1980
5434,09/05/1980
5569,09/06/1980
5842,09/08/1980
5665,09/11/1980
6759,09/16/1980
5839,09/16/1980
5825,09/23/1980
5406,10/03/1980
5953,10/08/1980
5016,10/14/1980
5612,10/18/1980
6711,10/21/1980
10746,10/24/1980
5393,11/01/1980
5866,11/09/1980
6728,11/14/1980
5846,11/15/1980
5346,11/29/1980
5401,11/30/1980
5350,12/03/1980
5849,12/07/1980
5850,12/16/1980
8181,12/20/1980
6729,12/23/1980
5789,12/30/1980
5438,01/08/1981
6697,01/12/1981
9873,01/16/1981
7290,01/18/1981
5389,01/19/1981
6558,01/23/1981
5796,01/24/1981
5878,01/29/1981
5660,02/26/1981
7309,02/27/1981
5385,02/28/1981
5870,03/07/1981
5435,03/21/1981
6704,03/23/1981
5787,03/26/1981
6155,04/01/1981
5404,04/06/1981
5426,04/12/1981
5844,04/15/1981
5881,04/20/1981
5347,05/07/1981
6741,05/19/1981
5841,05/23/1981
5746,05/24/1981
5808,05/24/1981
5415,06/08/1981
5768,06/10/1981
8624,06/13/1981
10744,06/13/1981
6586,06/14/1981
5873,06/26/1981
6024,07/02/1981
5736,07/10/1981
5864,07/16/1981
5735,07/18/1981
5983,07/18/1981
6019,07/19/1981
5372,07/21/1981
7561,08/14/1981
6161,09/01/1981
5720,09/01/1981
5719,09/10/1981
5733,09/13/1981
7558,09/13/1981
5732,09/16/1981
5411,09/18/1981
5698,09/20/1981
5713,09/27/1981
5971,10/04/1981
8179,10/09/1981
5743,10/12/1981
6285,10/13/1981
5394,10/18/1981
7549,10/19/1981
5365,10/22/1981
6571,10/22/1981
5721,10/24/1981
6298,10/26/1981
5889,11/11/1981
5758,11/22/1981
5765,12/09/1981
5740,12/13/1981
7546,12/22/1981
6286,01/06/1982
6193,01/28/1982
6190,01/29/1982
7619,02/04/1982
7631,02/08/1982
5973,02/12/1982
5977,02/17/1982
6242,02/25/1982
6199,03/14/1982
5684,03/19/1982
5771,03/20/1982
7211,03/22/1982
7880,03/27/1982
6172,04/10/1982
5708,04/12/1982
6029,04/13/1982
7590,04/17/1982
10743,04/18/1982
5717,04/20/1982
7851,04/21/1982
5967,04/29/1982
6908,05/01/1982
6014,05/04/1982
7871,05/08/1982
5751,05/08/1982
6671,05/10/1982
6127,05/19/1982
6082,05/19/1982
6644,05/19/1982
7141,05/24/1982
6497,06/03/1982
6060,06/03/1982
14322,06/17/1982
6277,06/20/1982
6236,06/21/1982
6194,06/22/1982
6263,06/26/1982
6136,06/27/1982
6548,06/28/1982
5723,06/29/1982
6120,06/30/1982
7293,06/30/1982
8175,07/07/1982
7613,07/08/1982
6065,07/13/1982
7170,07/14/1982
6205,07/24/1982
6390,07/25/1982
6684,07/25/1982
6345,07/27/1982
6371,07/29/1982
6365,08/07/1982
7564,08/07/1982
6117,08/30/1982
6046,09/01/1982
6220,09/02/1982
6507,09/03/1982
7617,09/04/1982
7580,09/06/1982
6668,09/16/1982
6338,09/25/1982
5696,10/04/1982
6562,10/07/1982
6551,10/14/1982
6235,10/15/1982
6310,10/17/1982
6239,10/17/1982
6048,10/19/1982
7120,10/27/1982
6498,11/02/1982
6926,11/09/1982
6265,11/16/1982
6051,11/20/1982
7849,11/21/1982
5760,11/22/1982
6900,11/26/1982
7173,11/29/1982
6640,11/29/1982
7571,11/30/1982
6370,12/03/1982
6090,12/04/1982
6066,12/09/1982
8964,12/12/1982
7633,12/14/1982
7958,12/14/1982
7956,12/15/1982
6067,12/23/1982
6559,12/24/1982
6526,12/31/1982
8415,01/07/1983
7506,01/08/1983
6650,01/17/1983
6109,01/25/1983
6674,01/30/1983
6687,02/07/1983
6554,02/13/1983
7911,02/17/1983
8421,02/21/1983
7949,02/22/1983
6381,02/22/1983
7118,03/03/1983
6652,03/05/1983
7081,03/07/1983
8195,03/13/1983
8227,03/15/1983
6140,03/16/1983
6943,03/23/1983
6085,03/25/1983
6342,04/08/1983
6072,04/10/1983
6680,04/14/1983
8418,04/17/1983
6125,04/22/1983
6131,04/25/1983
6099,04/27/1983
6888,05/01/1983
6622,05/04/1983
7600,05/04/1983
6464,05/04/1983
6132,05/07/1983
6716,05/14/1983
6891,05/15/1983
7622,05/16/1983
8196,05/21/1983
6685,05/24/1983
6922,05/29/1983
8428,05/29/1983
7073,05/30/1983
6555,06/08/1983
6752,06/09/1983
6070,06/19/1983
6452,06/19/1983
6479,06/23/1983
7292,06/24/1983
6757,06/26/1983
6439,06/29/1983
6557,06/30/1983
6476,07/01/1983
6556,07/02/1983
6915,07/06/1983
6634,07/08/1983
6956,07/10/1983
6620,07/14/1983
8419,07/16/1983
6451,07/21/1983
6901,07/22/1983
7143,07/25/1983
7894,08/05/1983
6718,08/10/1983
10338,08/12/1983
8410,08/13/1983
8199,08/26/1983
6875,08/26/1983
6871,08/28/1983
6948,09/01/1983
8224,09/05/1983
7193,09/05/1983
7157,09/05/1983
6469,09/08/1983
6446,09/09/1983
6947,09/12/1983
7189,09/13/1983
6906,09/17/1983
7210,09/17/1983
6462,09/25/1983
6714,10/01/1983
7207,10/03/1983
6063,10/03/1983
9885,10/03/1983
6611,10/03/1983
7152,10/05/1983
7108,10/06/1983
6635,10/06/1983
6084,10/07/1983
8208,10/08/1983
10353,10/09/1983
7200,10/14/1983
6740,10/14/1983
6475,10/15/1983
7151,10/18/1983
7130,10/23/1983
8958,10/24/1983
6695,11/03/1983
6478,11/10/1983
6702,11/11/1983
6402,11/11/1983
7895,11/12/1983
9339,11/12/1983
7206,11/17/1983
6477,11/17/1983
6933,11/17/1983
7091,11/18/1983
7199,11/20/1983
9628,11/21/1983
7126,11/23/1983
6096,11/27/1983
7186,11/28/1983
7214,11/29/1983
9358,12/13/1983
8278,12/20/1983
6414,12/29/1983
7440,01/01/1984
8664,01/06/1984
7729,01/08/1984
6444,01/09/1984
7465,01/18/1984
6467,01/19/1984
6431,01/25/1984
8298,01/25/1984
8234,01/29/1984
6472,01/31/1984
6482,02/05/1984
7218,02/05/1984
7089,02/10/1984
6731,02/12/1984
7197,02/18/1984
6441,02/20/1984
7076,02/27/1984
7774,03/01/1984
8293,03/07/1984
15472,03/07/1984
6460,03/20/1984
8287,03/27/1984
7817,03/30/1984
6733,04/01/1984
7831,04/07/1984
7814,04/08/1984
7288,04/09/1984
6426,04/10/1984
7192,04/10/1984
7194,04/15/1984
6976,04/16/1984
8246,04/19/1984
6423,04/24/1984
7212,04/26/1984
7208,04/28/1984
7221,05/01/1984
8959,05/02/1984
6829,05/11/1984
6457,05/17/1984
6773,05/17/1984
7010,05/18/1984
7231,05/27/1984
7018,05/29/1984
7732,06/02/1984
8974,06/05/1984
7056,06/12/1984
7217,06/13/1984
6794,06/17/1984
8449,06/21/1984
7016,06/23/1984
6776,06/24/1984
7443,06/25/1984
7796,06/27/1984
7195,06/29/1984
7453,07/03/1984
7213,07/03/1984
6805,07/14/1984
7201,07/17/1984
7470,07/20/1984
6787,07/21/1984
8240,07/21/1984
8242,07/22/1984
7015,07/22/1984
7027,07/28/1984
7026,07/29/1984
9344,07/31/1984
7435,08/01/1984
8975,08/07/1984
6814,08/09/1984
7038,08/15/1984
7545,08/21/1984
7020,08/23/1984
8460,08/24/1984
8184,08/26/1984
12827,08/28/1984
6993,09/01/1984
6850,09/12/1984
7544,09/14/1984
7054,09/18/1984
6767,09/30/1984
6764,10/01/1984
6854,10/06/1984
7780,10/06/1984
7036,10/07/1984
7509,10/11/1984
6835,10/14/1984
8968,10/21/1984
7051,10/22/1984
7542,10/24/1984
8271,10/25/1984
8667,10/27/1984
6410,10/28/1984
7012,11/02/1984
8302,11/05/1984
7466,11/13/1984
8448,11/15/1984
8979,11/26/1984
6774,11/27/1984
6802,11/30/1984
7001,12/05/1984
7541,12/06/1984
7000,12/15/1984
7474,12/15/1984
6804,12/24/1984
10741,12/30/1984
8089,01/02/1985
6844,01/11/1985
8251,01/19/1985
6777,01/26/1985
7295,01/28/1985
13703,01/28/1985
6997,01/29/1985
9355,01/29/1985
7535,01/30/1985
7766,02/04/1985
6855,02/11/1985
8088,02/15/1985
8988,02/19/1985
6813,02/22/1985
7562,02/24/1985
7777,03/04/1985
7298,03/06/1985
6768,03/09/1985
6800,03/13/1985
8989,03/15/1985
6770,03/21/1985
6999,03/22/1985
7048,04/05/1985
7034,04/08/1985
6807,04/14/1985
6852,04/16/1985
7044,04/16/1985
7875,04/17/1985
7482,04/25/1985
6996,04/27/1985
6824,04/30/1985
6798,05/03/1985
7737,05/18/1985
6845,05/21/1985
7353,05/25/1985
9023,05/26/1985
9012,05/30/1985
12189,06/06/1985
14927,06/07/1985
7584,06/20/1985
7333,06/22/1985
9022,06/25/1985
8685,07/03/1985
7479,07/03/1985
9016,07/07/1985
7877,07/11/1985
7019,07/14/1985
9346,07/22/1985
7339,07/24/1985
8086,07/26/1985
6848,08/01/1985
8701,08/05/1985
7359,08/07/1985
7348,08/09/1985
7338,08/16/1985
9029,08/16/1985
9000,08/24/1985
7342,08/26/1985
9351,08/27/1985
7854,08/29/1985
7556,08/30/1985
9004,09/01/1985
9361,09/05/1985
6771,09/12/1985
7364,09/21/1985
8112,09/24/1985
7773,09/28/1985
7354,09/29/1985
8102,09/30/1985
8148,09/30/1985
7533,10/01/1985
7341,10/01/1985
7373,10/05/1985
7009,10/06/1985
7380,10/23/1985
7578,10/25/1985
7402,10/27/1985
6810,11/01/1985
9667,11/05/1985
9028,11/15/1985
8987,11/16/1985
7329,11/18/1985
8998,11/22/1985
8706,11/25/1985
7772,11/30/1985
9649,12/04/1985
7381,12/09/1985
7770,12/15/1985
9080,12/17/1985
9042,12/22/1985
7404,12/25/1985
9386,01/12/1986
7828,01/16/1986
8692,01/17/1986
7379,01/22/1986
7884,01/25/1986
9026,01/30/1986
9410,02/03/1986
7572,02/08/1986
14928,02/13/1986
12829,02/16/1986
9068,02/18/1986
8155,02/19/1986
7601,02/20/1986
8135,03/05/1986
7805,03/20/1986
9371,03/25/1986
8980,03/25/1986
8577,04/06/1986
7922,04/09/1986
7401,04/10/1986
7834,04/13/1986
7900,04/13/1986
9137,04/14/1986
9962,04/20/1986
7815,04/20/1986
9049,04/21/1986
14321,04/26/1986
9126,04/29/1986
8983,04/30/1986
10548,05/04/1986
7672,05/05/1986
7776,05/08/1986
7676,05/08/1986
7899,05/09/1986
9027,05/14/1986
7594,05/15/1986
7340,05/16/1986
7683,05/16/1986
9076,05/18/1986
9115,05/18/1986
7867,05/20/1986
9664,05/21/1986
9099,05/22/1986
9404,05/27/1986
8188,06/03/1986
7638,06/13/1986
7591,06/15/1986
7357,06/16/1986
7684,06/22/1986
7657,06/28/1986
7698,07/01/1986
8425,07/01/1986
9400,07/11/1986
7611,07/14/1986
7618,07/14/1986
8063,07/16/1986
7653,07/20/1986
7405,07/21/1986
7643,07/22/1986
7659,07/28/1986
7592,08/07/1986
7645,08/10/1986
7660,08/12/1986
9369,08/14/1986
9060,08/24/1986
9661,08/27/1986
7716,09/04/1986
7612,09/13/1986
7813,09/14/1986
9651,09/16/1986
7695,09/17/1986
7372,09/21/1986
7362,09/23/1986
8159,09/23/1986
7915,09/27/1986
7696,09/28/1986
7715,10/01/1986
7674,10/05/1986
8417,10/12/1986
7682,10/14/1986
7712,10/16/1986
9387,10/17/1986
9972,10/18/1986
7398,11/02/1986
9110,11/03/1986
9474,11/04/1986
8205,11/05/1986
9088,11/10/1986
8068,11/10/1986
9105,11/21/1986
7410,11/27/1986
7679,11/27/1986
9109,11/29/1986
9993,12/09/1986
7929,12/11/1986
7654,12/13/1986
9353,12/15/1986
8096,12/17/1986
7845,12/21/1986
7644,01/06/1987
9139,01/08/1987
9047,01/16/1987
8065,01/27/1987
8161,01/27/1987
7843,01/29/1987
8106,02/06/1987
8057,02/06/1987
8100,02/10/1987
8103,02/17/1987
9427,02/18/1987
8965,02/19/1987
9491,02/20/1987
8931,02/20/1987
8156,02/23/1987
7892,02/26/1987
8889,02/28/1987
8101,03/02/1987
8190,03/03/1987
9453,03/03/1987
7650,03/03/1987
8443,03/04/1987
8028,03/05/1987
9481,03/06/1987
8245,03/12/1987
9710,03/12/1987
8017,03/14/1987
8039,03/19/1987
9101,03/22/1987
7938,03/23/1987
17535,03/28/1987
7680,03/29/1987
8025,03/31/1987
8873,04/02/1987
8170,04/06/1987
9711,04/10/1987
8565,04/15/1987
8093,04/20/1987
7671,04/20/1987
9434,04/23/1987
7995,04/25/1987
7968,04/26/1987
8046,04/27/1987
7980,04/27/1987
9500,04/29/1987
10010,05/01/1987
8139,05/07/1987
9142,05/10/1987
8036,05/13/1987
8267,05/13/1987
8005,05/17/1987
8016,05/18/1987
8041,05/19/1987
8126,05/21/1987
8412,05/24/1987
8212,05/25/1987
7723,05/26/1987
7998,06/05/1987
9966,06/08/1987
10009,06/09/1987
8099,06/14/1987
8043,06/18/1987
9674,06/18/1987
8000,06/21/1987
8281,06/25/1987
7986,06/29/1987
8564,07/05/1987
8446,07/07/1987
9486,07/07/1987
7971,07/10/1987
8853,07/12/1987
8556,07/18/1987
8022,07/18/1987
8433,07/30/1987
8416,07/31/1987
8133,08/09/1987
7966,08/13/1987
16888,08/14/1987
7978,08/14/1987
8244,08/21/1987
7979,08/21/1987
9995,08/25/1987
7933,08/27/1987
7985,08/31/1987
8585,09/12/1987
7961,09/12/1987
8007,09/14/1987
8582,09/18/1987
8578,09/22/1987
7651,09/23/1987
9705,09/26/1987
8257,09/30/1987
10747,10/06/1987
9437,10/08/1987
8012,10/10/1987
9702,10/15/1987
8538,10/17/1987
13722,10/23/1987
9981,10/25/1987
8304,10/26/1987
9498,10/29/1987
8544,11/09/1987
7646,11/15/1987
8169,11/15/1987
7999,11/16/1987
7977,11/17/1987
7722,11/18/1987
8038,11/20/1987
8573,11/21/1987
11274,11/22/1987
9495,12/02/1987
8447,12/03/1987
8018,12/07/1987
8591,12/13/1987
10771,12/13/1987
8669,12/14/1987
8033,12/14/1987
8574,12/20/1987
8027,12/20/1987
10046,12/20/1987
8584,12/22/1987
8601,12/25/1987
7988,12/25/1987
8580,12/26/1987
10784,12/27/1987
8640,01/06/1988
9998,01/07/1988
8044,01/08/1988
8004,01/11/1988
8583,01/12/1988
12265,01/15/1988
7972,01/26/1988
8455,01/29/1988
8029,02/02/1988
10756,02/05/1988
9300,02/07/1988
10063,02/09/1988
8571,02/23/1988
8048,02/26/1988
8599,03/01/1988
8340,03/02/1988
8275,03/04/1988
8009,03/14/1988
8675,03/15/1988
8486,03/19/1988
8360,03/19/1988
10794,03/21/1988
10758,03/29/1988
14323,04/01/1988
8562,04/04/1988
8587,04/11/1988
9696,04/14/1988
7992,04/27/1988
8459,04/30/1988
8528,05/09/1988
8827,05/10/1988
9033,05/12/1988
8392,05/21/1988
8527,05/23/1988
8504,05/28/1988
8013,05/30/1988
8637,05/31/1988
8398,06/05/1988
8367,06/10/1988
9716,06/16/1988
8314,06/22/1988
8273,06/23/1988
8994,07/06/1988
8604,07/11/1988
8576,07/16/1988
8491,07/20/1988
8648,07/23/1988
8405,07/25/1988
8332,07/28/1988
8008,07/29/1988
10014,07/31/1988
8499,08/04/1988
8395,08/06/1988
8866,08/08/1988
8519,08/12/1988
8858,08/13/1988
8509,08/14/1988
8631,08/18/1988
8807,08/20/1988
8316,08/21/1988
8642,08/23/1988
8378,08/23/1988
8385,08/27/1988
8516,08/29/1988
8508,08/31/1988
7991,09/02/1988
8256,09/02/1988
10070,09/04/1988
8350,09/12/1988
10032,09/12/1988
8990,09/12/1988
8478,09/14/1988
8494,09/18/1988
8312,09/20/1988
10064,09/23/1988
10051,09/28/1988
10774,09/28/1988
8860,10/08/1988
8995,10/15/1988
10745,10/27/1988
8338,10/31/1988
10025,11/03/1988
8326,11/04/1988
8481,11/05/1988
10764,11/08/1988
8328,11/08/1988
10071,11/15/1988
8849,11/16/1988
8505,11/16/1988
8366,11/17/1988
8530,11/20/1988
8871,11/21/1988
8654,11/24/1988
8674,11/27/1988
8500,11/30/1988
8657,12/01/1988
8518,12/03/1988
8690,12/06/1988
8498,12/06/1988
8346,12/09/1988
8864,12/10/1988
8815,12/15/1988
9967,12/20/1988
8517,12/26/1988
8352,12/26/1988
8703,12/27/1988
10048,12/31/1988
8702,01/02/1989
8369,01/04/1989
8325,01/06/1989
8984,01/08/1989
11385,01/08/1989
8905,01/09/1989
8854,01/10/1989
8363,01/12/1989
8482,01/12/1989
12188,01/15/1989
10793,01/24/1989
8400,02/01/1989
8885,02/02/1989
8814,02/06/1989
8311,02/15/1989
10785,02/15/1989
8836,02/19/1989
8835,02/20/1989
8859,02/24/1989
9652,02/25/1989
9372,03/02/1989
8775,03/08/1989
8376,03/09/1989
8790,03/11/1989
8869,03/21/1989
11356,03/24/1989
8765,03/27/1989
9367,03/30/1989
8754,04/01/1989
9030,04/07/1989
10074,04/14/1989
8774,04/14/1989
8386,04/17/1989
8745,04/17/1989
8856,04/24/1989
8473,04/27/1989
9035,05/01/1989
8327,05/09/1989
8715,05/10/1989
8862,05/10/1989
10800,05/12/1989
10772,05/13/1989
8721,05/13/1989
8492,05/14/1989
8788,06/06/1989
8773,06/06/1989
8377,06/15/1989
9662,06/23/1989
8335,06/29/1989
8793,06/30/1989
10779,07/03/1989
9364,07/03/1989
8890,07/07/1989
9841,07/08/1989
9024,07/11/1989
9398,07/15/1989
10801,07/19/1989
8728,07/22/1989
10789,07/23/1989
9138,07/26/1989
8393,07/30/1989
8533,08/04/1989
9052,08/04/1989
9291,08/07/1989
8399,08/12/1989
10759,08/16/1989
8897,08/19/1989
8384,08/22/1989
9063,08/24/1989
8359,08/26/1989
9306,09/06/1989
9401,09/07/1989
9648,09/07/1989
8727,09/14/1989
8317,09/20/1989
8768,09/29/1989
11374,09/30/1989
9408,10/02/1989
11334,10/15/1989
8780,10/23/1989
8742,10/26/1989
11394,11/02/1989
8723,11/02/1989
9132,11/02/1989
9081,11/03/1989
10802,11/21/1989
9314,11/29/1989
10835,12/01/1989
11366,12/02/1989
10854,12/04/1989
9381,12/09/1989
10778,12/18/1989
9315,12/22/1989
8769,12/30/1989
9646,12/31/1989
10248,01/03/1990
8726,01/04/1990
11348,01/11/1990
8737,01/12/1990
8734,01/16/1990
11344,01/20/1990
9324,01/22/1990
9310,01/28/1990
9316,01/29/1990
9421,02/05/1990
10867,02/13/1990
8766,02/17/1990
9102,02/19/1990
9363,02/20/1990
9051,02/20/1990
8739,02/23/1990
9669,03/06/1990
9986,03/07/1990
9443,03/10/1990
9218,03/16/1990
9045,03/18/1990
9487,03/20/1990
9118,03/20/1990
9318,03/23/1990
9086,03/25/1990
9248,03/29/1990
12273,04/01/1990
9149,04/03/1990
9189,04/05/1990
8760,04/06/1990
8743,04/07/1990
9713,04/07/1990
9224,04/08/1990
9259,04/08/1990
9323,04/10/1990
9147,04/13/1990
10855,04/14/1990
10821,04/27/1990
17531,05/10/1990
9703,05/11/1990
9673,05/15/1990
8770,05/21/1990
9214,05/21/1990
9223,05/22/1990
9497,05/24/1990
9685,05/27/1990
11341,05/27/1990
9183,05/27/1990
9982,06/03/1990
9090,06/03/1990
9462,06/04/1990
8733,06/04/1990
8798,06/04/1990
8779,06/06/1990
10853,06/07/1990
9116,06/09/1990
10820,06/15/1990
9284,06/18/1990
9679,06/18/1990
9199,06/18/1990
11408,06/22/1990
8714,06/23/1990
10587,06/27/1990
10823,06/27/1990
9266,07/06/1990
9112,07/18/1990
9153,07/19/1990
11359,07/22/1990
9334,07/24/1990
9991,07/24/1990
9689,08/01/1990
9166,08/01/1990
11386,08/04/1990
9208,08/06/1990
9793,08/06/1990
11363,08/06/1990
8763,08/11/1990
9238,08/14/1990
9198,08/15/1990
12192,08/17/1990
9069,08/19/1990
9297,08/21/1990
11369,08/31/1990
9187,09/04/1990
8771,09/06/1990
9465,09/06/1990
9179,09/12/1990
10858,09/16/1990
9194,09/18/1990
9195,09/19/1990
12268,09/21/1990
9798,09/22/1990
9165,09/26/1990
9226,09/29/1990
9295,10/01/1990
11391,10/01/1990
9176,10/05/1990
10831,10/14/1990
9484,10/15/1990
11379,10/19/1990
9983,10/25/1990
9469,10/27/1990
9304,10/30/1990
9205,11/03/1990
9234,11/09/1990
9420,11/13/1990
9444,11/13/1990
9231,11/20/1990
9222,11/27/1990
9158,11/27/1990
10850,11/27/1990
9186,11/29/1990
11684,12/08/1990
10005,12/09/1990
9861,12/17/1990
11181,01/09/1991
9996,01/12/1991
10004,01/16/1991
12826,01/17/1991
11678,01/19/1991
13164,01/22/1991
16175,01/22/1991
9499,01/25/1991
9430,01/27/1991
9215,01/28/1991
11442,02/03/1991
9577,02/04/1991
9700,02/09/1991
9975,02/11/1991
9197,02/11/1991
11378,02/13/1991
11430,02/15/1991
9221,02/15/1991
11680,02/18/1991
9200,02/22/1991
9776,02/25/1991
10264,02/26/1991
11395,03/04/1991
9852,03/04/1991
9744,03/10/1991
9602,03/10/1991
9518,03/17/1991
9814,03/22/1991
9621,03/23/1991
9479,03/23/1991
9734,03/26/1991
9520,03/27/1991
9155,03/29/1991
9162,04/01/1991
9606,04/04/1991
9236,04/05/1991
9595,04/08/1991
11346,04/13/1991
9763,04/14/1991
9812,04/15/1991
9152,04/16/1991
9192,04/19/1991
9252,04/24/1991
9516,04/26/1991
10933,04/26/1991
9506,04/28/1991
10039,04/30/1991
10023,05/02/1991
9521,05/06/1991
9766,05/18/1991
9564,05/20/1991
9768,05/21/1991
9722,05/25/1991
9601,05/26/1991
11425,05/29/1991
9735,06/03/1991
10045,06/03/1991
11392,06/08/1991
13167,06/08/1991
11440,06/11/1991
9565,06/20/1991
9750,07/01/1991
9831,07/09/1991
9464,07/11/1991
9603,07/16/1991
9720,07/17/1991
9542,07/18/1991
9241,07/19/1991
9825,07/21/1991
10021,07/21/1991
10906,07/22/1991
9426,07/29/1991
10885,07/29/1991
11377,07/30/1991
9532,08/04/1991
9530,08/05/1991
9157,08/08/1991
9790,08/13/1991
9622,08/23/1991
9206,08/30/1991
11349,09/01/1991
10524,09/03/1991
10256,09/10/1991
9572,09/14/1991
9849,09/20/1991
12274,10/05/1991
13723,10/05/1991
10060,10/07/1991
9769,10/09/1991
9531,10/15/1991
9865,10/22/1991
9757,10/26/1991
15469,11/02/1991
11416,11/03/1991
9733,11/15/1991
9788,11/19/1991
11389,11/24/1991
12292,11/24/1991
9583,11/26/1991
10916,11/27/1991
11373,11/27/1991
9718,11/28/1991
10791,11/28/1991
11453,11/29/1991
9749,12/03/1991
9587,12/09/1991
10921,12/11/1991
9575,12/17/1991
9782,12/20/1991
11463,12/24/1991
10881,12/28/1991
9783,12/28/1991
9544,01/03/1992
12294,01/19/1992
9781,01/20/1992
10263,02/05/1992
12296,02/07/1992
9746,02/10/1992
11375,02/13/1992
10299,02/13/1992
10016,02/23/1992
9751,02/24/1992
10055,02/24/1992
9560,03/02/1992
11714,03/02/1992
10204,03/09/1992
10108,03/15/1992
9747,03/24/1992
10154,03/27/1992
12288,03/30/1992
9578,04/03/1992
10331,04/06/1992
9571,04/07/1992
11519,04/08/1992
12269,04/12/1992
10095,04/13/1992
10136,04/15/1992
10146,04/15/1992
11340,04/19/1992
10119,04/20/1992
10319,04/23/1992
11537,04/25/1992
12290,04/25/1992
10195,04/26/1992
10197,04/28/1992
10187,05/01/1992
10817,05/07/1992
10153,05/08/1992
10116,05/10/1992
10356,05/11/1992
11479,05/13/1992
11549,05/15/1992
10201,05/16/1992
10140,05/18/1992
9754,05/20/1992
10155,05/20/1992
9610,05/21/1992
11471,05/22/1992
10152,05/22/1992
9605,05/26/1992
11495,05/29/1992
9756,05/30/1992
9598,05/31/1992
10112,06/06/1992
11342,06/07/1992
10105,06/08/1992
9514,06/08/1992
10816,06/20/1992
11724,06/22/1992
10157,06/25/1992
10133,06/26/1992
11727,06/27/1992
9777,06/28/1992
11335,07/08/1992
10086,07/08/1992
10110,07/14/1992
9771,07/16/1992
10181,07/16/1992
10352,07/16/1992
10113,07/23/1992
10103,07/27/1992
10333,08/02/1992
9620,08/12/1992
9579,08/18/1992
10255,08/23/1992
11528,08/24/1992
9545,08/30/1992
10151,09/01/1992
10161,09/07/1992
11553,09/13/1992
10462,09/20/1992
10115,09/29/1992
11707,10/04/1992
12286,10/09/1992
12293,10/10/1992
10180,10/14/1992
11510,10/18/1992
10085,10/22/1992
11547,10/29/1992
10184,10/30/1992
13162,11/08/1992
11718,11/10/1992
11380,11/15/1992
10090,11/15/1992
10132,11/20/1992
10122,11/21/1992
12276,11/24/1992
10138,11/30/1992
10114,12/02/1992
10527,12/07/1992
13171,12/09/1992
11372,12/09/1992
10098,12/20/1992
12351,12/21/1992
10471,12/25/1992
10493,12/27/1992
10544,01/12/1993
10129,01/14/1993
13212,01/18/1993
11482,01/20/1993
10484,01/20/1993
11708,01/25/1993
14325,02/01/1993
12270,02/01/1993
10117,02/02/1993
10179,02/06/1993
12931,02/13/1993
10109,02/17/1993
10126,02/19/1993
10191,02/26/1993
10405,03/03/1993
13172,03/04/1993
12327,03/14/1993
10176,03/19/1993
12331,03/22/1993
11711,03/29/1993
12330,04/02/1993
10869,04/04/1993
10389,04/05/1993
12922,04/13/1993
10672,04/14/1993
10165,04/15/1993
12340,04/16/1993
10868,04/17/1993
10418,04/18/1993
10531,04/21/1993
10579,04/21/1993
11874,04/22/1993
10559,04/24/1993
10428,04/26/1993
16889,05/01/1993
10573,05/02/1993
10111,05/04/1993
10380,05/08/1993
10404,05/10/1993
12325,05/10/1993
10648,05/26/1993
10512,06/01/1993
10370,06/05/1993
12306,06/06/1993
10647,06/08/1993
10488,06/12/1993
10167,06/16/1993
10655,06/20/1993
11720,06/20/1993
10396,06/21/1993
10833,07/03/1993
10099,07/05/1993
10529,07/07/1993
10842,07/09/1993
13201,07/13/1993
10497,07/16/1993
10661,07/20/1993
10490,07/21/1993
10510,07/30/1993
10189,08/05/1993
10651,08/05/1993
11136,08/06/1993
10485,08/08/1993
10876,08/09/1993
10849,08/21/1993
12345,08/23/1993
10839,08/23/1993
10100,08/28/1993
10083,08/31/1993
10135,09/03/1993
16183,09/05/1993
10516,09/05/1993
10533,09/07/1993
12925,09/15/1993
10818,09/19/1993
10536,09/19/1993
10543,09/19/1993
10425,09/20/1993
12333,09/21/1993
10368,09/21/1993
10689,09/23/1993
12304,09/25/1993
10436,09/28/1993
10430,09/28/1993
10494,09/28/1993
13198,10/05/1993
17537,10/10/1993
12360,10/12/1993
12917,10/13/1993
10738,10/17/1993
10729,10/24/1993
12300,11/03/1993
10866,11/04/1993
12972,11/12/1993
10423,11/26/1993
13289,12/04/1993
10393,12/09/1993
10364,12/15/1993
11121,12/20/1993
12973,12/24/1993
10717,12/26/1993
10424,12/30/1993
10448,01/02/1994
10361,01/02/1994
10825,01/05/1994
10433,01/06/1994
10398,01/10/1994
10875,01/13/1994
10363,01/23/1994
10824,01/24/1994
10371,01/27/1994
10583,01/29/1994
12357,01/30/1994
10714,02/01/1994
10440,02/04/1994
12950,02/05/1994
13799,02/07/1994
10697,02/18/1994
13262,02/19/1994
13780,02/25/1994
10386,02/27/1994
13004,03/07/1994
11439,03/10/1994
10617,03/12/1994
10359,03/12/1994
11461,03/14/1994
10675,03/17/1994
10391,03/21/1994
10411,03/24/1994
10899,03/28/1994
12995,03/31/1994
10877,04/01/1994
11686,04/03/1994
10893,04/04/1994
10605,04/06/1994
10591,04/11/1994
13216,04/17/1994
12963,04/30/1994
10400,05/05/1994
11433,05/08/1994
10664,05/15/1994
10718,05/16/1994
13795,05/19/1994
11450,05/22/1994
10691,05/25/1994
10690,05/29/1994
16921,05/30/1994
11455,06/02/1994
12305,06/06/1994
10663,06/15/1994
10938,06/16/1994
10739,06/19/1994
12991,06/20/1994
12941,06/25/1994
10610,07/05/1994
10950,07/08/1994
10365,07/12/1994
10837,07/22/1994
10864,07/25/1994
16885,07/27/1994
11418,08/02/1994
12978,08/04/1994
13781,08/12/1994
10636,08/20/1994
10728,08/24/1994
10613,08/25/1994
12962,08/28/1994
10609,08/31/1994
10711,09/08/1994
10940,09/09/1994
11451,09/10/1994
13797,09/14/1994
10593,09/17/1994
13916,09/17/1994
11445,09/25/1994
10624,10/04/1994
10719,10/06/1994
10623,10/10/1994
12956,10/20/1994
13250,10/24/1994
10726,10/25/1994
11862,10/28/1994
10615,10/29/1994
10898,10/30/1994
11427,11/02/1994
13788,11/02/1994
13271,11/02/1994
10698,11/22/1994
11673,11/25/1994
11213,12/06/1994
11681,12/14/1994
11245,12/22/1994
11222,12/26/1994
10942,12/28/1994
11196,01/02/1995
11409,01/07/1995
11212,01/11/1995
12955,01/23/1995
11234,01/24/1995
11221,01/29/1995
12156,02/01/1995
10633,02/03/1995
10634,02/07/1995
11417,02/11/1995
11685,02/14/1995
11082,02/16/1995
11517,03/03/1995
11541,03/04/1995
11021,03/06/1995
11034,03/06/1995
13830,03/14/1995
10589,03/18/1995
13810,03/19/1995
11080,03/22/1995
13923,03/23/1995
11233,03/29/1995
10979,04/07/1995
11972,04/10/1995
11214,04/11/1995
11692,04/11/1995
10627,04/13/1995
10600,04/16/1995
11010,04/16/1995
11516,04/27/1995
10886,04/28/1995
11458,04/30/1995
10563,05/03/1995
10590,05/05/1995
11508,05/07/1995
11725,05/11/1995
13817,05/13/1995
11232,05/14/1995
11013,05/15/1995
11204,05/16/1995
11028,05/19/1995
11885,05/25/1995
10922,05/26/1995
11195,05/31/1995
10598,05/31/1995
10912,06/01/1995
11217,06/03/1995
11690,06/05/1995
11893,06/11/1995
11908,06/19/1995
13821,06/20/1995
12953,06/21/1995
11269,06/21/1995
11205,06/23/1995
11319,06/25/1995
10986,06/27/1995
11241,07/07/1995
11521,07/11/1995
11003,07/13/1995
11261,07/15/1995
11237,07/18/1995
10970,07/18/1995
11936,07/22/1995
11899,07/24/1995
11665,07/25/1995
12174,07/29/1995
11308,07/31/1995
11223,07/31/1995
11911,08/01/1995
11299,08/04/1995
11031,08/08/1995
11015,08/09/1995
11011,08/10/1995
11001,08/14/1995
10925,08/16/1995
12044,08/22/1995
11421,08/24/1995
10958,08/26/1995
10954,08/31/1995
12185,08/31/1995
12022,09/01/1995
11238,09/01/1995
11704,09/07/1995
11333,09/15/1995
10994,09/23/1995
11805,09/28/1995
11030,09/29/1995
11431,09/30/1995
11225,10/03/1995
11210,10/04/1995
11484,10/05/1995
11311,10/06/1995
12150,10/08/1995
11018,10/12/1995
11199,10/13/1995
11973,10/15/1995
11941,10/16/1995
12297,10/19/1995
10995,10/19/1995
11277,10/20/1995
11259,10/20/1995
11246,11/02/1995
11009,11/03/1995
11224,11/05/1995
11250,11/05/1995
11697,11/08/1995
10967,11/09/1995
10997,11/15/1995
12128,12/01/1995
11943,12/02/1995
12104,12/04/1995
12081,12/08/1995
11330,12/10/1995
11329,12/11/1995
11693,12/13/1995
12109,12/16/1995
11040,12/17/1995
11886,12/19/1995
11813,12/21/1995
14422,12/24/1995
11489,12/28/1995
11514,12/31/1995
11705,01/04/1996
10982,01/11/1996
10992,01/14/1996
11534,01/18/1996
12179,01/23/1996
12070,01/27/1996
11983,01/27/1996
12496,02/08/1996
12129,02/14/1996
12078,02/17/1996
12012,02/19/1996
11706,02/26/1996
12112,02/28/1996
11712,03/06/1996
11963,03/06/1996
10988,03/15/1996
11750,03/19/1996
12080,03/19/1996
12087,03/21/1996
11937,03/21/1996
12638,03/22/1996
11882,03/25/1996
11956,03/28/1996
11797,03/29/1996
12341,04/01/1996
12490,04/04/1996
16886,04/04/1996
12915,04/05/1996
12110,04/07/1996
11620,04/11/1996
11635,04/11/1996
11988,04/14/1996
11634,04/16/1996
11792,04/17/1996
12146,04/19/1996
11746,04/23/1996
11990,04/27/1996
11600,04/29/1996
11579,04/30/1996
12198,05/02/1996
11758,05/07/1996
11000,05/14/1996
12005,05/14/1996
11779,05/19/1996
11004,05/27/1996
11610,05/27/1996
11638,05/31/1996
12194,05/31/1996
14420,06/01/1996
12134,06/02/1996
12086,06/03/1996
12784,06/04/1996
11616,06/14/1996
11016,06/14/1996
11772,06/14/1996
11771,06/16/1996
12924,06/20/1996
12138,06/20/1996
11742,06/23/1996
12261,06/23/1996
11774,06/24/1996
12752,06/26/1996
11757,06/28/1996
12235,06/29/1996
11747,07/02/1996
11748,07/02/1996
11603,07/08/1996
11585,07/10/1996
11577,07/11/1996
11786,07/14/1996
12577,07/20/1996
11588,07/20/1996
16176,07/21/1996
12222,07/22/1996
12136,07/26/1996
12793,07/27/1996
11791,08/03/1996
11751,08/06/1996
12121,08/06/1996
11038,08/06/1996
12203,08/06/1996
11630,08/10/1996
11596,08/10/1996
11784,08/13/1996
12756,08/14/1996
11643,08/20/1996
12777,08/24/1996
11615,08/24/1996
11568,08/28/1996
11535,08/31/1996
13197,09/02/1996
11515,09/04/1996
11777,09/05/1996
11485,09/07/1996
12171,09/11/1996
12172,09/13/1996
14427,09/17/1996
11745,09/17/1996
12923,09/21/1996
11605,09/21/1996
12319,09/21/1996
12152,09/22/1996
12118,10/08/1996
12647,10/08/1996
11627,10/10/1996
12130,10/11/1996
12120,10/18/1996
12151,10/25/1996
12143,11/05/1996
12113,11/09/1996
12161,11/12/1996
12459,11/13/1996
14537,11/18/1996
11575,11/19/1996
11573,11/23/1996
12312,12/01/1996
12567,12/05/1996
12590,12/06/1996
11623,12/06/1996
12794,12/07/1996
12800,12/14/1996
12584,12/16/1996
11631,12/16/1996
12788,12/18/1996
11651,12/21/1996
12710,12/30/1996
11796,01/04/1997
12763,01/17/1997
11790,01/18/1997
11799,01/27/1997
13656,01/31/1997
12498,02/04/1997
12693,02/10/1997
11737,02/11/1997
12999,02/11/1997
11606,02/14/1997
12774,02/17/1997
12838,02/19/1997
12846,02/23/1997
12620,02/24/1997
13187,02/27/1997
12583,03/01/1997
11608,03/02/1997
12386,03/06/1997
12965,03/07/1997
12782,03/08/1997
11641,03/08/1997
12401,03/14/1997
11649,03/15/1997
12797,03/19/1997
12749,03/20/1997
12633,03/21/1997
15572,03/26/1997
12424,03/29/1997
12449,03/29/1997
13011,04/01/1997
12998,04/11/1997
12750,04/12/1997
12581,04/16/1997
15030,04/22/1997
12253,04/28/1997
13202,05/02/1997
16884,05/13/1997
12354,05/17/1997
11556,05/22/1997
12409,05/23/1997
11639,05/29/1997
11562,06/03/1997
13218,06/07/1997
12427,06/08/1997
13154,06/10/1997
13446,06/12/1997
12254,06/12/1997
12248,06/20/1997
12809,06/23/1997
11778,06/23/1997
12783,06/28/1997
11738,06/30/1997
12939,07/08/1997
13418,07/13/1997
15815,07/14/1997
13794,07/17/1997
12967,08/04/1997
11760,08/06/1997
13465,08/17/1997
13489,08/27/1997
12757,08/28/1997
11770,08/30/1997
16204,09/11/1997
12952,09/11/1997
12718,09/15/1997
15571,10/02/1997
16217,10/11/1997
12373,10/19/1997
13786,10/30/1997
13596,11/01/1997
12410,11/01/1997
12776,11/13/1997
12368,11/17/1997
13621,11/30/1997
13612,12/16/1997
12407,01/01/1998
12439,01/02/1998
12435,01/18/1998
13613,01/19/1998
13013,02/07/1998
13908,02/07/1998
13067,02/13/1998
13022,02/17/1998
13377,03/09/1998
13424,03/23/1998
13078,04/04/1998
13587,05/06/1998
13606,05/17/1998
12937,05/31/1998
12887,06/12/1998
13655,06/20/1998
14072,06/23/1998
14245,06/30/1998
14218,07/12/1998
13095,08/12/1998
13616,08/14/1998
14085,08/27/1998
13715,08/31/1998
13574,09/16/1998
13584,09/21/1998
13076,09/24/1998
12893,10/06/1998
13611,10/28/1998
14202,11/17/1998
14166,01/18/1999
13809,02/12/1999
13850,03/18/1999
13342,03/18/1999
13088,03/22/1999
14207,10/12/1999
