id,player_id,year,team_id,game_id,league_id,level_id,split_id,ip,ab,tb,ha,k,bf,rs,bb,r,er,gb,fb,pi,ipf,g,gs,w,l,s,sa,da,sh,sf,ta,hra,bk,ci,iw,wp,hp,gf,dp,qs,svo,bs,ra,cg,sho,sb,cs,hld,ir,irs,wpa,li,stint,outs,sd,md,war,ra9war
56839,7680,2014,44,0,202,3,1,149,554,0,135,107,608,83,43,55,53,163,154,2193,0,21,21,9,6,0,99,23,3,4,2,11,2,0,0,10,4,0,17,12,0,0,0,4,3,2,1,0,0.0,0.0,0.7201,638.7,0,447,0,0,3.2557,3.5911
57528,7708,2014,46,0,202,3,1,1,7,0,2,1,7,0,0,1,1,1,3,21,2,6,0,0,0,0,1,1,0,0,0,0,0,0,0,0,0,1,0,0,0,0,6,0,0,0,0,2,8.0,2.0,0.1949,6.7,0,5,1,0,0.0554,-0.018
57580,7710,2014,44,0,202,3,1,24,96,0,27,15,106,0,7,12,11,21,35,344,1,11,0,0,0,0,20,1,1,2,1,5,0,0,0,0,0,7,2,0,0,0,11,0,0,0,0,0,6.0,0.0,-0.2598,46.0,0,73,0,1,-0.2837,0.0037
60800,7815,2014,47,0,202,3,1,189,728,0,187,119,785,84,50,79,76,206,216,2697,1,26,26,11,7,0,127,42,1,4,6,12,5,0,0,2,2,0,16,14,0,0,0,1,1,14,9,0,0.0,0.0,1.8409,800.5005,0,568,0,0,4.3905,3.6145
65592,7951,2014,41,0,202,3,1,22,82,0,19,13,91,8,7,7,7,27,24,327,1,11,2,2,0,1,15,2,1,0,0,2,0,0,0,3,1,1,2,2,1,0,9,0,0,1,0,1,5.0,0.0,0.6326,86.4,0,67,1,1,0.1837,0.5396
66230,7970,2014,96,0,202,3,1,38,150,0,38,22,171,0,18,17,16,41,50,642,2,25,0,2,1,0,28,7,0,2,0,3,0,0,3,2,1,11,1,0,0,0,25,0,0,4,2,0,16.0,6.0,0.0566,94.1,0,116,4,3,0.005,0.0062
66483,7976,2014,34,0,202,3,1,38,140,0,37,20,159,0,15,17,16,44,42,549,0,31,0,2,1,2,25,8,1,3,0,4,0,0,1,3,0,10,8,0,4,1,31,0,0,0,1,8,9.0,2.0,1.2259,200.2,0,114,12,1,-0.1257,-0.0686
66892,7989,2014,34,0,202,3,1,59,213,0,48,40,254,0,35,25,23,65,57,835,2,50,0,2,3,20,33,10,3,1,1,4,1,0,2,2,2,28,10,0,22,2,50,0,0,1,2,4,22.0,4.0,2.489,499.4,0,179,24,5,-0.1002,0.1507
67415,7994,2014,110,0,202,3,1,66,261,0,75,39,303,21,37,46,40,75,73,1069,1,20,7,4,3,1,55,8,2,2,0,12,0,0,0,5,1,8,9,3,2,0,13,0,0,2,0,0,13.0,6.0,-0.562,288.8,0,199,1,2,-1.2267,-1.841
67495,7996,2014,45,0,202,3,1,43,176,0,45,27,193,4,11,22,19,42,62,642,2,26,1,1,3,5,34,4,0,2,4,3,0,1,1,2,3,16,0,0,8,3,25,0,0,7,0,2,17.0,6.0,-0.315,259.2,0,131,7,7,0.5996,0.009
67634,8000,2014,47,0,202,3,1,24,87,0,16,28,91,0,4,4,4,20,22,328,0,23,0,1,2,14,11,3,0,0,1,1,0,0,0,0,0,20,2,0,15,1,23,0,0,0,1,1,9.0,4.0,1.0921,149.5,0,72,11,2,1.1086,1.1555
67885,8002,2014,34,0,202,3,1,112,430,0,109,87,495,47,59,60,60,117,121,1808,2,23,18,6,9,0,71,21,4,2,2,15,2,0,0,4,0,3,12,8,0,0,5,0,0,4,1,0,0.0,0.0,-0.7689,491.8997,0,338,0,1,0.2226,-0.1795
69514,8031,2014,47,0,202,3,1,47,199,0,58,37,216,0,16,31,22,54,46,753,2,26,0,1,2,1,45,9,0,1,1,3,0,0,0,4,0,14,4,0,3,2,26,0,0,2,2,2,20.0,6.0,-0.4,186.8,0,143,6,5,0.6845,-0.7346
69568,8032,2014,34,0,202,3,1,50,204,0,62,31,234,0,24,30,28,46,67,836,0,29,0,1,4,1,44,12,0,3,0,6,0,1,1,7,2,16,2,0,3,2,29,0,0,6,2,2,21.0,10.0,-1.6117,188.2,0,150,4,8,-0.4168,-0.942
69889,8035,2014,45,0,202,3,1,11,39,0,6,9,40,0,0,0,0,15,9,133,0,5,0,0,0,1,6,0,0,0,0,0,0,0,0,0,1,2,0,0,1,0,5,0,0,0,0,0,4.0,2.0,0.899,60.3,0,33,3,1,0.5101,0.7978
70187,8037,2014,33,0,202,3,1,27,105,0,26,14,117,0,10,13,13,30,36,393,0,13,0,1,0,2,17,2,0,1,1,6,0,0,2,0,1,5,0,0,4,0,13,0,0,4,0,0,10.0,2.0,-0.0725,73.5,0,81,3,2,-0.6196,-0.1813
70380,8040,2014,44,0,202,3,1,145,541,0,131,76,586,109,36,62,60,172,166,1973,1,26,19,10,5,0,84,31,2,5,4,12,3,0,2,4,2,4,13,11,0,0,7,6,1,1,4,1,6.0,1.0,0.0671,520.2999,0,436,1,1,2.4144,2.3687
70486,8043,2014,47,0,202,3,1,13,44,0,6,14,55,0,8,2,2,14,10,220,1,14,0,1,1,9,5,1,0,1,0,0,0,0,0,1,2,13,2,0,10,1,14,0,0,0,0,0,2.0,1.0,0.5295,116.5,0,40,6,1,0.33,0.7945
70899,8047,2014,47,0,202,3,1,49,186,0,44,24,201,24,13,15,14,67,52,694,1,7,7,4,2,0,34,5,0,2,2,3,0,0,0,1,0,0,3,6,0,0,0,1,1,2,0,0,0.0,0.0,0.5782,227.0999,0,148,0,0,0.9938,1.6173
71441,8060,2014,100,0,202,3,1,74,288,0,81,47,317,0,24,35,34,79,83,1077,1,46,0,8,4,1,57,14,2,3,1,9,0,0,3,4,0,16,10,0,6,5,46,0,0,0,3,11,23.0,9.0,-0.0569,395.5998,0,223,18,11,0.0526,-0.0058
71972,8073,2014,41,0,202,3,1,27,109,0,34,19,129,0,17,13,13,33,26,467,1,25,0,2,1,0,27,5,1,2,0,2,0,0,1,1,0,9,3,0,0,0,25,0,0,3,0,2,17.0,5.0,-0.2713,105.2,0,82,3,3,0.0314,0.0587
72130,8084,2014,35,0,202,3,1,52,203,0,52,41,238,0,31,20,17,63,48,819,1,52,0,3,8,22,39,8,1,2,1,4,0,0,4,4,1,37,4,0,24,2,52,0,0,0,1,7,12.0,3.0,1.4577,519.7999,0,157,25,8,0.1381,0.4454
72769,8107,2014,41,0,202,3,1,54,198,0,38,30,216,0,17,13,13,72,57,706,1,45,0,5,1,2,22,13,1,0,2,1,0,0,4,0,0,22,3,0,3,1,45,0,0,1,0,2,25.0,7.0,2.803,323.4,0,163,19,7,1.357,1.9086
73185,8123,2014,38,0,202,3,1,117,436,0,107,82,512,48,64,54,53,129,123,1854,2,23,23,3,7,0,85,15,6,3,1,6,0,0,0,5,3,0,11,7,0,0,0,0,0,7,3,0,0.0,0.0,-0.0132,576.4997,0,353,0,0,1.5061,0.7903
73953,8146,2014,47,0,202,3,1,47,179,0,38,31,201,0,20,16,15,49,57,667,0,40,0,6,3,2,26,8,0,0,1,3,1,0,0,3,2,18,3,0,4,2,40,0,0,1,1,12,17.0,2.0,0.6196,285.6,0,141,16,6,0.341,0.9822
74254,8159,2014,46,0,202,3,1,40,143,0,32,21,156,0,11,9,9,44,47,535,0,31,0,2,1,1,26,3,0,2,1,2,0,0,4,3,0,12,4,0,4,3,31,0,0,3,2,7,21.0,9.0,1.1008,210.6999,0,120,12,4,0.7692,1.4086
74582,8169,2014,41,0,202,3,1,64,231,0,50,40,268,36,31,24,24,63,79,935,0,10,10,3,5,0,36,10,2,2,0,4,0,0,2,4,2,0,3,5,0,0,0,1,1,4,1,0,0.0,0.0,-0.0429,245.4,0,192,0,0,0.9593,1.5005
75925,8198,2014,35,0,202,3,1,82,306,0,69,55,348,0,37,34,34,92,90,1247,0,48,0,1,1,0,46,10,0,3,1,12,1,0,5,7,2,19,5,0,4,4,48,0,0,4,1,3,35.0,8.0,-0.3309,254.4,0,246,9,10,-0.7438,0.122
77785,8213,2014,46,0,202,3,1,11,44,0,11,7,49,0,3,3,3,12,14,158,1,12,0,1,0,0,8,3,1,1,0,0,0,0,2,0,0,7,1,0,1,1,12,0,0,0,0,2,13.0,7.0,-0.2601,66.4,0,34,4,3,0.4094,0.3388
78652,8252,2014,106,0,202,3,1,72,281,0,73,49,307,4,22,43,42,77,80,1060,0,40,3,2,8,0,48,13,1,2,1,11,0,0,5,1,1,15,8,0,2,2,37,0,0,3,1,5,29.0,13.0,-1.5766,337.8999,0,216,12,10,-0.2628,-1.6761
79171,8274,2014,34,0,202,3,1,55,198,0,42,31,223,0,20,13,12,58,71,781,2,33,1,2,2,0,34,2,2,2,0,6,0,0,2,1,1,11,6,1,1,1,32,1,0,8,0,9,20.0,5.0,1.8528,310.5,0,167,13,6,-0.0448,1.6226
79383,8281,2014,96,0,202,3,1,156,610,0,165,112,683,60,59,78,76,161,177,2432,0,24,24,8,10,0,123,23,4,5,5,14,0,0,8,6,5,0,8,12,0,0,0,4,1,6,3,0,0.0,0.0,-0.6605,735.9996,0,468,0,0,2.2265,0.5239
80077,8305,2014,41,0,202,3,1,83,315,0,75,54,330,27,13,31,30,95,89,1166,0,14,14,5,4,0,51,14,1,0,1,9,0,0,1,1,1,0,5,6,0,0,0,1,1,6,3,0,0.0,0.0,1.1596,286.4999,0,249,0,0,1.7241,1.9576
80249,8309,2014,96,0,202,3,1,40,175,0,61,25,203,0,24,42,38,34,57,678,1,36,0,5,2,0,38,13,1,2,3,7,0,0,7,3,1,13,2,0,2,2,36,0,0,3,1,2,34.0,13.0,-1.037,218.0999,0,121,9,6,-0.6905,-2.8484
80289,8311,2014,100,0,202,3,1,39,152,0,38,34,160,8,8,15,13,46,33,584,0,8,8,2,4,0,22,14,0,0,0,2,0,0,0,0,0,0,3,0,0,0,0,0,0,6,1,0,0.0,0.0,0.3661,155.8999,0,117,0,0,1.3121,0.7743
80779,8328,2014,96,0,202,3,1,44,167,0,41,21,188,12,17,16,15,42,64,608,1,9,6,4,2,0,27,8,2,0,1,5,0,0,2,4,2,2,5,3,0,0,3,0,0,0,0,1,0.0,0.0,1.3366,248.8001,0,133,2,0,0.062,0.827
80849,8331,2014,96,0,202,3,1,109,418,0,111,65,482,42,55,51,50,123,119,1685,0,18,18,4,8,0,78,18,4,1,0,15,0,0,5,1,4,0,11,8,0,0,0,0,0,6,7,0,0.0,0.0,0.1889,492.0999,0,327,0,0,-0.2156,0.7549
81285,8343,2014,46,0,202,3,1,20,89,0,27,9,108,0,19,22,18,21,29,418,1,12,0,0,2,0,20,4,0,0,1,2,0,0,0,2,0,5,1,0,0,0,12,0,0,5,1,0,13.0,6.0,-0.5007,49.3,0,61,0,2,-0.4492,-1.1644
81517,8349,2014,48,0,202,3,1,56,224,0,66,37,243,0,14,35,33,50,73,857,2,36,0,0,2,1,44,13,0,3,1,8,0,0,0,3,2,17,6,0,3,2,36,0,0,4,2,2,31.0,8.0,-0.428,184.7999,0,170,6,3,-0.0324,-0.7661
81656,8354,2014,44,0,202,3,1,17,63,0,11,14,67,0,3,3,3,25,13,242,1,10,0,0,0,0,6,4,0,1,0,1,0,0,0,1,0,4,0,0,1,1,10,0,0,2,0,1,8.0,3.0,0.4777,74.1,0,52,3,1,0.4092,0.6571
81687,8356,2014,44,0,202,3,1,26,107,0,32,17,119,0,8,15,15,16,43,432,2,13,0,4,0,0,23,6,0,2,1,2,0,0,0,1,2,4,3,0,1,1,13,0,0,1,0,0,11.0,4.0,-0.485,99.6,0,80,4,3,0.185,-0.1914
81949,8365,2014,42,0,202,3,1,70,270,0,68,57,307,8,30,30,30,75,70,1072,2,30,1,1,1,0,50,13,1,3,0,5,0,0,0,6,3,15,8,1,0,0,29,1,0,2,0,1,30.0,9.0,-0.4872,155.4,0,212,2,6,0.7363,0.668
82374,8370,2014,39,0,202,3,1,113,406,0,82,74,447,45,35,26,23,121,128,1565,1,15,15,8,3,0,61,15,2,0,1,5,0,0,0,6,4,0,10,13,0,0,0,3,2,9,4,0,0.0,0.0,2.2589,452.9999,0,340,0,0,2.5856,4.1136
82917,8390,2014,45,0,202,3,1,34,121,0,25,22,140,0,17,7,7,42,33,512,0,23,0,1,1,3,19,3,0,1,1,2,1,0,0,2,1,9,4,0,4,1,23,0,0,1,1,2,19.0,8.0,1.1579,204.0,0,102,7,3,0.185,1.3418
84754,8447,2014,46,0,202,3,1,65,260,0,71,46,285,0,18,35,32,67,77,968,1,49,0,11,5,20,49,14,1,5,0,8,0,0,7,2,1,38,5,0,26,6,49,0,0,3,1,2,10.0,5.0,1.0608,565.0999,0,196,26,10,0.8239,-0.3773
85382,8462,2014,41,0,202,3,1,64,228,0,48,35,249,0,16,15,15,68,79,808,0,39,0,3,0,1,35,6,1,1,0,7,0,0,5,3,3,13,6,0,1,0,39,0,0,6,1,2,32.0,15.0,1.3908,174.0,0,192,8,3,0.3442,1.8493
86232,8488,2014,44,0,202,3,1,14,70,0,28,12,78,0,6,13,13,13,17,279,2,7,0,1,0,0,21,4,0,0,0,3,0,0,0,0,2,2,1,0,0,0,7,0,0,0,1,0,5.0,1.0,0.0579,43.5,0,44,1,0,-0.235,-0.5756
86478,8496,2014,42,0,202,3,1,2,5,0,0,1,7,0,1,1,1,3,1,28,0,3,0,0,1,0,0,0,0,0,0,0,0,0,0,0,1,0,1,0,0,0,3,0,0,2,0,2,3.0,0.0,0.2676,20.5,0,6,2,1,-0.0266,0.0019
86860,8510,2014,106,0,202,3,1,23,88,0,23,5,101,0,9,12,11,30,31,327,0,14,0,3,0,0,17,4,0,3,1,1,0,0,1,0,1,5,1,0,1,1,14,0,0,1,0,0,4.0,3.0,0.0065,74.9,0,69,2,2,-0.1011,-0.355
86914,8511,2014,96,0,202,3,1,27,103,0,27,19,120,0,17,17,16,28,27,467,0,17,0,0,0,0,19,3,0,0,0,5,0,0,1,3,0,4,4,0,0,0,17,0,0,1,3,0,20.0,2.0,-0.4946,48.6,0,81,1,2,-0.5894,-0.5952
87228,8521,2014,44,0,202,3,1,31,109,0,20,26,116,0,3,11,11,33,31,389,0,13,0,1,0,0,11,4,0,2,1,4,0,0,0,1,2,8,1,0,0,0,13,0,0,0,0,0,11.0,2.0,0.3101,50.3,0,93,2,1,0.3539,0.4746
87297,8523,2014,42,0,202,3,1,19,83,0,27,14,96,4,11,19,17,26,18,333,2,4,4,1,3,0,19,4,1,1,0,4,0,0,0,0,0,0,2,1,0,0,0,0,0,3,0,0,0.0,0.0,-0.5006,93.5,0,59,0,0,-0.1286,-0.5977
87439,8526,2014,44,0,202,3,1,118,440,0,103,77,479,71,31,52,49,123,137,1605,0,24,18,7,5,1,65,23,2,2,7,8,1,0,3,6,4,2,7,7,1,0,6,2,0,8,5,1,5.0,0.0,1.5081,464.1,0,354,3,3,2.5807,1.7491
87674,8537,2014,33,0,202,3,1,23,91,0,21,17,103,0,10,12,12,25,27,385,2,9,0,2,1,2,18,2,0,0,0,1,0,0,0,3,2,2,2,0,4,0,9,0,0,3,0,0,4.0,0.0,0.179,97.7,0,71,3,2,0.1731,-0.2271
88016,8547,2014,48,0,202,3,1,60,231,0,66,39,265,0,27,40,33,55,72,911,0,37,0,0,3,1,46,11,1,3,0,9,0,0,2,0,3,16,11,0,1,0,37,0,0,3,0,6,18.0,5.0,-0.4203,193.3,0,180,6,7,-0.547,-1.1156
88059,8548,2014,47,0,202,3,1,146,561,0,141,79,618,75,44,67,59,181,163,2130,1,33,18,11,4,1,105,24,2,7,2,10,0,0,0,7,4,7,13,12,3,2,15,2,0,5,0,4,6.0,2.0,0.1522,754.1003,0,439,6,2,2.2873,1.8341
88117,8551,2014,43,0,202,3,1,22,94,0,27,17,108,0,13,15,12,19,32,375,2,10,0,0,0,0,16,7,0,1,1,3,0,0,0,3,0,3,0,0,0,0,10,0,0,0,1,0,9.0,2.0,-0.0203,49.2,0,68,0,1,-0.1637,-0.3816
88186,8553,2014,45,0,202,3,1,11,46,0,14,5,57,0,11,5,5,16,11,223,0,10,0,1,0,0,10,1,0,0,0,3,0,0,0,4,0,4,1,0,0,0,10,0,0,1,0,0,5.0,2.0,-0.7807,46.9,0,33,0,3,-0.563,0.0497
88256,8556,2014,41,0,202,3,1,55,207,0,49,51,238,0,26,22,18,46,61,797,1,49,0,6,5,28,33,6,1,3,2,8,0,0,5,2,1,41,6,0,33,5,49,0,0,2,0,0,13.0,4.0,0.8169,527.3997,0,166,24,10,0.2016,0.9422
88332,8558,2014,106,0,202,3,1,174,657,0,156,128,753,60,82,80,75,170,201,2654,0,27,27,4,14,0,111,28,7,2,4,13,1,0,5,9,5,0,11,15,0,0,0,3,0,7,7,0,0.0,0.0,-0.686,795.0004,0,522,0,0,1.9673,0.4561
88382,8561,2014,44,0,202,3,1,24,98,0,29,15,107,0,8,18,18,29,24,403,2,18,0,2,0,1,21,2,0,0,3,3,0,0,0,4,1,11,3,0,2,1,18,0,0,2,1,1,14.0,3.0,-0.2191,112.6,0,74,3,3,-0.0305,-0.6219
88558,8567,2014,100,0,202,3,1,66,263,0,75,45,305,0,37,38,35,66,80,1114,0,35,0,3,1,2,52,12,0,5,3,8,0,0,1,2,0,10,5,0,5,1,35,0,0,1,1,4,24.0,12.0,-1.2275,281.0001,0,198,6,9,-0.5556,-0.7698
88638,8569,2014,110,0,202,3,1,6,24,0,6,3,26,0,2,0,0,6,9,83,1,2,0,1,0,0,5,1,0,0,0,0,0,0,0,0,0,0,1,0,0,0,2,0,0,0,0,0,3.0,0.0,0.211,17.1,0,19,1,0,0.0969,0.3596
89043,8586,2014,35,0,202,3,1,60,231,0,62,41,276,0,36,32,26,54,78,1038,0,49,0,1,5,2,48,10,3,3,1,3,1,0,3,3,3,18,5,0,4,2,49,0,0,5,2,8,25.0,4.0,-0.5459,319.0001,0,180,16,12,0.0604,-0.8016
89240,8591,2014,45,0,202,3,1,109,401,0,94,65,451,54,37,45,43,117,129,1592,0,16,15,6,7,0,61,19,6,2,2,12,0,0,0,4,5,0,10,11,0,0,1,3,1,5,2,0,0.0,0.0,1.1271,424.0003,0,327,0,1,1.0895,2.0662
89383,8597,2014,100,0,202,3,1,52,192,0,43,40,209,0,15,19,18,68,42,723,0,44,0,4,0,14,32,6,1,1,0,5,0,0,2,5,0,25,7,0,15,0,44,0,0,0,0,9,16.0,3.0,2.2035,260.0,0,156,17,3,0.5805,0.6972
89459,8607,2014,42,0,202,3,1,42,156,0,42,24,188,0,26,14,13,53,38,706,0,32,0,1,1,1,32,9,0,2,1,0,0,0,0,3,4,17,7,0,1,0,32,0,0,2,3,0,21.0,4.0,0.0878,120.0,0,126,2,3,0.2411,0.7696
89514,8609,2014,33,0,202,3,1,54,178,0,31,29,197,0,13,5,5,64,57,679,2,29,0,4,1,4,23,8,1,4,0,0,0,0,1,0,1,12,8,0,5,1,29,0,0,0,3,7,34.0,11.0,2.6695,248.3,0,164,17,3,1.3354,2.5826
89682,8621,2014,34,0,202,3,1,30,103,0,14,19,122,16,16,8,8,31,40,455,1,5,5,3,1,0,8,3,1,1,2,1,0,0,0,2,1,0,1,3,0,0,0,0,0,2,0,0,0.0,0.0,0.5542,115.0,0,91,0,0,0.4516,0.9473
89741,8622,2014,41,0,202,3,1,70,265,0,54,58,289,13,22,24,20,75,72,992,2,33,3,4,3,3,40,12,0,0,0,2,0,0,7,2,2,9,3,2,5,2,30,1,1,5,2,7,13.0,3.0,1.171,390.9999,0,212,16,5,2.2369,1.539
90254,8649,2014,35,0,202,3,1,31,129,0,40,21,148,0,14,25,20,31,38,485,1,36,0,1,9,0,25,6,3,0,2,7,2,0,4,0,2,6,2,0,7,7,36,0,0,0,0,4,18.0,6.0,-3.7119,231.9001,0,94,5,15,-0.8722,-1.7149
90295,8651,2014,41,0,202,3,1,46,181,0,48,22,207,0,18,26,26,63,50,737,0,26,0,3,1,1,32,11,0,3,1,4,0,0,1,4,5,10,3,0,2,0,26,0,0,1,0,0,18.0,6.0,-0.6673,126.5,0,138,3,4,-0.1157,-0.338
90551,8659,2014,35,0,202,3,1,123,475,0,128,93,540,46,49,50,49,130,134,1962,2,38,16,7,7,0,99,23,7,6,0,6,0,1,0,5,2,5,9,9,1,1,22,1,0,3,3,11,13.0,5.0,1.163,580.2999,0,371,11,2,2.2607,1.1873
90609,8660,2014,96,0,202,3,1,43,176,0,52,42,206,0,27,24,23,32,52,726,0,36,0,3,3,0,39,9,0,3,1,3,0,0,8,3,0,12,1,0,3,3,36,0,0,3,0,6,36.0,16.0,-0.6854,194.1,0,129,9,9,0.4962,-0.5984
91107,8678,2014,34,0,202,3,1,66,253,0,65,48,333,28,74,42,39,66,75,1302,1,24,6,3,1,0,49,12,4,1,0,4,1,0,0,5,1,6,4,3,0,0,18,0,0,7,5,0,11.0,5.0,-0.251,259.9001,0,199,0,2,-0.9699,-1.0993
91419,8694,2014,47,0,202,3,1,175,672,0,167,122,753,85,73,73,69,214,163,2639,2,26,26,12,10,0,125,24,3,1,6,12,1,0,0,3,4,0,26,17,0,0,0,3,1,27,1,0,0.0,0.0,0.9144,782.1001,0,527,0,0,3.049,3.3849
91687,8704,2014,46,0,202,3,1,31,133,0,41,33,148,0,15,25,25,18,41,510,2,18,0,1,3,0,26,7,0,0,3,5,0,0,5,3,0,6,0,0,1,1,18,0,0,1,2,0,13.0,0.0,-0.6176,139.3,0,95,3,4,0.1942,-0.9361
91903,8710,2014,33,0,202,3,1,13,60,0,21,14,67,0,6,8,8,10,14,242,1,7,0,1,0,0,15,2,0,0,1,3,0,0,1,0,1,1,1,0,0,0,7,0,0,1,1,0,7.0,3.0,-0.4055,67.3,0,40,0,3,-0.1879,-0.2705
92205,8716,2014,42,0,202,3,1,73,273,0,70,52,322,0,42,38,35,75,76,1138,1,58,0,2,4,1,43,15,0,3,0,12,0,0,1,4,4,20,9,0,4,2,58,0,0,2,3,2,44.0,15.0,-1.7347,263.0,0,220,10,12,-0.9874,-0.1039
92236,8719,2014,48,0,202,3,1,51,209,0,64,18,247,0,31,43,40,64,66,802,2,46,0,2,10,3,40,11,1,4,2,11,0,0,2,3,2,24,4,0,8,5,46,0,0,5,3,7,22.0,6.0,-4.7482,432.2999,0,155,10,20,-2.2598,-2.5488
92308,8726,2014,96,0,202,3,1,76,316,0,96,43,361,5,36,47,39,81,96,1229,0,39,6,5,8,3,78,14,2,5,0,4,0,0,11,8,2,16,4,1,6,3,33,1,0,8,0,7,22.0,9.0,-1.0829,519.6998,0,228,16,5,0.8648,-1.5051
92777,8740,2014,100,0,202,3,1,92,366,0,105,47,399,66,25,48,44,122,94,1369,0,31,15,6,3,8,76,17,1,5,3,9,0,0,1,6,2,14,10,4,10,2,16,0,0,7,2,0,6.0,3.0,-0.5179,465.3,0,276,7,3,0.8123,0.1493
92830,8741,2014,37,0,202,3,1,40,172,0,58,27,187,0,13,29,24,39,48,656,2,27,0,1,4,1,38,14,0,2,2,4,1,0,0,4,0,10,3,0,2,1,27,0,0,2,5,0,20.0,6.0,-1.3165,163.1,0,122,3,8,0.1152,-1.3315
93124,8746,2014,35,0,202,3,1,42,157,0,36,33,185,0,27,19,16,42,42,658,1,26,0,1,1,1,25,5,1,0,1,5,0,0,2,5,0,11,3,0,3,1,26,0,0,3,2,1,21.0,5.0,-0.0992,103.7,0,127,3,4,-0.3513,-0.1074
93196,8749,2014,37,0,202,3,1,176,642,0,144,126,712,50,59,56,52,211,163,2641,1,27,27,6,14,0,98,29,6,1,7,10,0,1,3,6,3,0,16,18,0,0,0,3,0,16,8,0,0.0,0.0,2.6273,721.8,0,529,0,0,3.8285,4.1199
93333,8755,2014,42,0,202,3,1,14,53,0,12,8,72,1,19,8,8,13,19,288,0,3,3,0,2,0,6,3,0,0,1,2,0,0,0,0,0,0,0,0,0,0,0,0,0,4,1,0,0.0,0.0,-0.2729,67.9,0,42,0,0,-0.3592,0.0462
93477,8759,2014,96,0,202,3,1,61,249,0,72,36,286,0,34,28,22,68,71,1007,2,43,1,3,1,2,53,12,0,2,0,7,1,0,8,3,1,13,4,0,4,2,42,0,0,4,4,3,32.0,14.0,0.2299,255.3,0,185,11,7,-0.373,-0.0554
93607,8762,2014,38,0,202,3,1,28,105,0,24,21,113,0,6,6,5,28,32,415,0,19,0,1,0,0,21,2,0,1,0,1,0,0,0,1,1,8,2,0,0,0,19,0,0,2,1,1,10.0,4.0,0.3354,85.5,0,84,3,2,0.5837,0.7281
94032,8772,2014,36,0,202,3,1,38,140,0,31,27,151,0,10,6,5,40,41,531,0,25,0,3,0,4,20,9,1,0,1,1,0,0,0,3,0,11,5,0,6,2,25,0,0,0,0,2,14.0,3.0,1.2592,196.2,0,114,9,3,0.9211,1.4492
94109,8777,2014,96,0,202,3,1,81,317,0,91,66,352,46,30,54,49,71,86,1280,0,17,13,2,7,0,59,14,2,0,1,17,1,0,1,0,3,1,11,6,1,1,4,0,0,12,6,1,5.0,2.0,-1.3987,373.6998,0,243,0,2,-0.4443,-1.2156
94170,8781,2014,37,0,202,3,1,152,560,0,139,117,620,40,51,54,49,149,157,2251,0,34,21,10,12,0,95,28,3,2,4,12,0,0,5,5,4,8,22,16,2,2,13,1,0,5,5,2,12.0,5.0,2.1819,676.7999,0,456,5,3,2.6697,2.5629
94256,8782,2014,34,0,202,3,1,113,420,0,104,36,486,60,49,57,52,162,126,1622,2,18,18,7,7,0,73,22,7,7,2,7,0,0,0,6,3,0,16,9,0,0,0,4,1,2,1,0,0.0,0.0,0.1741,493.9999,0,341,0,0,0.6449,0.2974
94335,8783,2014,42,0,202,3,1,162,655,0,190,96,709,71,45,105,101,175,194,2405,0,27,27,6,17,0,129,37,1,6,2,22,1,0,0,9,2,0,15,10,0,0,0,2,1,14,4,0,0.0,0.0,-2.5974,723.0002,0,486,0,0,1.6396,-0.6083
95065,8801,2014,38,0,202,3,1,40,149,0,35,29,173,0,22,11,11,38,49,672,1,16,0,3,0,0,24,9,1,1,0,2,0,0,0,2,0,2,3,0,0,0,16,0,0,3,1,0,20.0,7.0,0.7852,132.1,0,121,7,3,0.189,0.7661
95108,8804,2014,46,0,202,3,1,187,748,0,216,86,809,88,48,111,106,244,200,2674,1,28,28,8,13,0,146,45,6,5,4,21,0,0,8,15,2,0,20,14,0,0,0,6,1,9,8,0,0.0,0.0,-0.7365,821.9003,0,562,0,0,2.3146,0.157
95231,8812,2014,96,0,202,3,1,53,201,0,52,36,260,1,55,39,38,52,60,1004,2,27,1,1,1,1,39,7,0,2,0,6,0,1,0,4,1,5,4,0,1,0,26,0,0,5,5,0,24.0,6.0,-0.4111,179.9001,0,161,3,5,-1.4098,-1.6805
95288,8813,2014,45,0,202,3,1,1,6,0,1,0,6,0,0,0,0,0,5,17,2,1,0,0,0,0,1,0,0,0,0,0,0,0,0,0,0,1,0,0,0,0,1,0,0,0,0,0,1.0,0.0,0.0026,0.7,0,5,0,0,0.0302,0.0944
95436,8816,2014,41,0,202,3,1,173,664,0,168,88,746,85,71,81,75,203,202,2578,2,30,30,8,11,0,116,38,1,2,5,9,0,0,3,6,8,0,19,15,0,0,0,3,1,7,4,0,0.0,0.0,0.0728,788.4,0,521,0,0,2.6982,2.2813
95529,8822,2014,34,0,202,3,1,163,601,0,134,124,693,48,78,68,64,175,168,2512,2,29,23,5,13,0,96,23,3,5,3,12,1,0,2,9,6,4,15,15,0,0,6,1,1,6,4,2,4.0,1.0,0.3688,679.3001,0,491,2,0,2.1132,1.8526
95577,8824,2014,35,0,202,3,1,34,131,0,36,16,147,0,13,21,19,41,38,550,0,21,0,1,0,0,24,4,0,2,1,7,1,0,0,2,1,10,7,0,0,0,21,0,0,1,0,1,26.0,8.0,0.5536,104.1,0,102,3,1,-0.8417,-0.7429
95724,8829,2014,47,0,202,3,1,76,292,0,70,38,330,0,37,29,29,91,89,1165,0,31,0,4,0,1,56,8,0,0,0,6,0,0,0,5,1,7,7,0,2,0,31,0,0,5,0,0,36.0,9.0,1.2997,213.3999,0,228,9,2,-0.1352,0.9788
95831,8837,2014,47,0,202,3,1,40,143,0,33,24,154,0,8,9,8,42,47,571,0,25,0,2,0,1,24,6,0,3,0,3,0,0,0,0,0,13,5,0,1,0,25,0,0,1,2,2,28.0,9.0,0.8365,90.0,0,120,4,1,0.52,1.2091
95991,8850,2014,100,0,202,3,1,53,195,0,46,39,216,0,14,19,17,55,58,760,0,36,1,4,3,5,28,13,1,2,0,5,0,0,3,2,4,14,5,0,8,3,35,0,0,2,0,6,26.0,9.0,0.0324,247.6,0,159,14,6,0.4965,0.7644
96020,8851,2014,38,0,202,3,1,42,156,0,36,30,178,0,20,16,15,39,48,660,0,19,0,3,3,0,25,9,0,1,0,2,0,0,0,0,1,2,4,0,0,0,19,0,0,6,2,0,20.0,6.0,0.1138,200.3,0,126,7,3,0.3054,0.2574
96119,8868,2014,40,0,202,3,1,136,507,0,118,59,562,25,42,66,55,174,160,1936,1,26,26,5,12,0,78,21,6,6,1,18,0,0,0,7,1,0,10,10,0,0,0,0,0,12,5,0,0.0,0.0,0.3801,518.7,0,409,0,0,0.3124,0.6515
96173,8869,2014,100,0,202,3,1,134,492,0,106,98,530,71,33,25,24,149,137,1823,0,24,24,9,1,0,82,17,1,0,2,5,0,0,0,3,4,0,11,11,0,0,0,0,0,11,6,0,0.0,0.0,3.9849,534.4998,0,402,0,0,3.8911,6.1826
96432,8883,2014,33,0,202,3,1,45,178,0,47,30,204,0,24,17,17,36,64,706,0,22,0,1,4,0,40,6,0,0,0,1,1,0,5,3,2,9,3,0,1,1,22,0,0,2,1,3,13.0,3.0,0.718,246.7,0,135,7,3,0.5623,0.2758
96690,8894,2014,33,0,202,3,1,16,55,0,12,13,64,0,7,2,2,16,15,243,0,9,0,1,0,1,10,2,0,1,0,0,0,0,1,0,1,7,3,0,1,0,9,0,0,1,0,0,8.0,1.0,0.1181,37.4,0,48,1,0,0.3371,0.5963
96769,8896,2014,42,0,202,3,1,27,99,0,23,13,130,0,30,14,11,33,29,486,0,18,0,1,0,0,18,3,0,1,0,2,0,0,0,1,0,9,3,0,0,0,18,0,0,1,2,0,19.0,5.0,-0.2029,59.0,0,81,1,3,-0.6152,-0.0391
96883,8899,2014,43,0,202,3,1,135,532,0,137,81,573,46,32,71,64,136,175,1921,2,28,17,5,7,0,90,24,0,2,4,19,0,0,1,7,7,4,8,8,0,0,11,2,0,5,4,1,4.0,0.0,-0.1638,589.6002,0,407,3,4,0.9485,0.7671
97625,8924,2014,40,0,202,3,1,32,123,0,32,13,144,0,16,18,18,45,35,490,2,24,0,2,1,0,23,5,1,1,0,4,0,1,1,2,2,11,3,0,0,0,24,0,0,2,0,1,18.0,7.0,0.4388,120.9999,0,98,4,3,-0.5105,-0.4254
97898,8954,2014,41,0,202,3,1,130,506,0,135,62,552,61,38,72,64,152,156,1852,1,30,20,7,9,0,88,14,0,5,3,30,0,0,1,8,3,1,10,8,0,0,10,2,0,9,3,0,10.0,0.0,-0.577,498.3998,0,391,3,0,-1.2169,0.3615
98067,8965,2014,36,0,202,3,1,6,23,0,4,6,26,0,1,1,1,8,6,88,1,5,0,0,0,0,4,0,0,1,0,0,0,0,0,0,1,2,0,0,0,0,5,0,0,0,0,1,0.0,0.0,0.3625,61.1,0,19,3,0,0.3246,0.3501
98831,8993,2014,45,0,202,3,1,18,66,0,15,14,78,0,11,3,3,12,25,304,1,11,0,1,0,0,13,1,0,0,0,1,0,0,0,3,1,6,4,0,0,0,11,0,0,0,0,1,8.0,1.0,0.6792,62.1,0,55,3,0,0.061,0.6809
99232,9007,2014,48,0,202,3,1,175,661,0,167,130,736,107,63,75,72,191,175,2586,0,28,28,11,11,0,114,31,3,4,7,15,0,0,0,6,5,0,17,17,0,0,0,2,0,8,6,0,0.0,0.0,0.5181,799.5002,0,525,0,0,2.9766,2.9344
99629,9015,2014,33,0,202,3,1,91,333,0,70,62,367,13,32,23,22,120,81,1326,0,38,7,7,4,1,49,14,1,1,3,4,0,0,3,3,0,8,8,6,6,5,31,0,0,3,1,8,20.0,6.0,2.4214,517.2999,0,273,14,7,1.8145,2.5333
100408,9048,2014,100,0,202,3,1,48,187,0,48,25,208,5,19,23,21,60,54,703,2,19,4,4,2,2,29,14,1,1,2,3,0,0,1,2,0,6,4,1,2,0,15,0,0,7,1,2,7.0,2.0,0.694,239.3999,0,146,9,2,0.4331,0.2036
100636,9058,2014,43,0,202,3,1,49,196,0,52,37,227,0,26,29,29,57,51,868,1,30,0,5,0,1,36,12,0,4,0,4,0,0,1,1,1,10,3,0,2,0,30,0,0,4,0,2,20.0,4.0,-0.4404,133.9,0,148,3,3,0.1449,-0.465
100675,9063,2014,110,0,202,3,1,70,259,0,59,56,302,20,36,23,21,73,70,1104,2,11,11,3,4,0,50,8,2,2,0,1,1,0,8,0,3,0,7,9,0,0,0,1,0,2,4,0,0.0,0.0,1.0499,341.9998,0,212,0,0,1.9131,1.328
100877,9077,2014,46,0,202,3,1,53,215,0,69,29,245,14,24,45,37,61,58,869,0,13,11,1,7,0,51,11,3,2,0,7,1,0,0,2,1,2,5,3,0,0,2,0,0,5,3,0,0.0,0.0,-1.8601,255.6001,0,159,0,0,0.0881,-1.2322
101266,9090,2014,100,0,202,3,1,42,163,0,39,26,179,20,12,21,21,60,37,618,1,9,9,4,3,0,29,5,1,1,0,5,0,0,0,0,2,0,2,2,0,0,0,0,0,0,1,0,0.0,0.0,0.2539,157.0,0,127,0,0,0.3723,0.3044
101632,9104,2014,42,0,202,3,1,59,221,0,54,47,247,0,22,18,18,49,73,888,1,49,0,6,5,23,38,4,0,2,2,10,2,0,2,0,2,35,6,0,26,3,49,0,0,1,0,0,9.0,3.0,3.3358,554.4,0,178,28,10,-0.3137,2.0762
101717,9106,2014,44,0,202,3,1,43,167,0,43,33,182,0,12,17,16,48,43,647,0,29,0,1,5,2,28,13,0,1,0,2,0,0,1,3,2,14,3,0,4,2,29,0,0,1,1,4,21.0,10.0,-1.2055,203.1001,0,129,6,7,0.8211,0.489
102155,9122,2014,43,0,202,3,1,16,55,0,11,14,63,0,6,5,5,17,14,223,0,36,0,0,0,0,8,2,0,1,0,1,0,0,0,0,1,3,3,0,0,0,36,0,0,1,0,10,26.0,2.0,0.7687,76.2,0,48,5,3,0.225,0.3528
102292,9129,2014,35,0,202,3,1,187,686,0,158,97,783,93,73,77,71,232,209,2805,2,28,28,11,10,0,115,28,8,6,4,11,2,0,4,8,10,0,17,16,0,0,0,0,0,8,4,0,0.0,0.0,1.1702,818.9008,0,563,0,0,2.2966,2.2534
102866,9144,2014,38,0,202,3,1,48,178,0,41,36,207,0,27,17,14,52,49,734,2,42,0,5,4,0,29,7,0,2,3,2,0,0,1,1,0,7,7,0,3,3,42,0,0,0,1,15,16.0,5.0,0.5966,348.6,0,146,18,10,0.4766,0.6222
102897,9146,2014,45,0,202,3,1,13,50,0,10,9,55,0,5,6,3,12,18,209,2,9,0,0,0,1,8,2,0,0,0,0,0,0,0,0,0,3,0,0,2,0,9,0,0,3,0,1,9.0,0.0,0.1721,24.8,0,41,2,1,0.2873,0.0847
103094,9150,2014,36,0,202,3,1,73,268,0,58,57,301,0,28,19,16,76,82,1096,1,63,0,8,8,35,42,9,4,1,0,7,0,0,7,5,0,53,2,0,39,4,63,0,0,2,0,0,13.0,2.0,3.4896,705.8,0,220,37,10,1.118,2.5192
103237,9154,2014,45,0,202,3,1,36,137,0,34,18,153,0,14,10,9,35,47,539,1,21,0,0,0,0,24,6,0,1,1,3,0,0,0,1,1,14,7,0,0,0,21,0,0,4,0,0,21.0,9.0,0.773,118.7,0,109,2,0,0.04,0.8843
103381,9161,2014,43,0,202,3,1,8,38,0,16,4,40,0,1,9,9,8,11,136,1,5,0,0,0,0,8,6,0,1,0,2,0,0,0,0,0,0,1,0,0,0,5,0,0,0,1,0,5.0,5.0,-0.1129,8.8,0,25,0,0,-0.1204,-0.4781
103512,9165,2014,37,0,202,3,1,39,161,0,49,30,172,26,9,23,16,49,33,556,2,7,7,3,2,0,31,12,2,0,0,6,0,0,1,3,0,0,5,4,0,0,0,0,0,1,1,0,0.0,0.0,-0.5399,183.6,0,119,0,0,0.4257,-0.2596
103553,9167,2014,36,0,202,3,1,45,155,0,27,27,173,0,17,7,7,50,51,623,0,25,0,3,0,3,22,1,0,1,1,3,1,0,1,0,0,12,5,0,5,0,25,0,0,0,2,2,17.0,4.0,0.7472,176.6,0,135,5,2,0.2946,1.5304
103733,9172,2014,37,0,202,3,1,50,202,0,57,32,223,7,18,29,27,56,57,754,2,17,6,2,8,1,37,12,1,0,4,4,2,1,6,1,1,4,4,3,3,2,11,0,0,4,1,2,7.0,0.0,-0.704,310.7,0,152,6,3,0.7658,-0.5755
103778,9173,2014,35,0,202,3,1,168,637,0,169,108,714,74,59,76,70,212,154,2521,1,28,28,7,10,0,113,33,8,8,4,19,2,0,0,5,2,0,22,15,0,0,0,0,0,4,4,0,0.0,0.0,0.4286,703.7004,0,505,0,0,1.4114,1.2245
103903,9181,2014,43,0,202,3,1,67,263,0,66,52,278,0,11,21,21,67,79,906,2,42,0,4,1,0,46,12,0,2,3,5,0,0,2,3,2,21,2,0,1,1,42,0,0,9,1,4,35.0,14.0,0.4102,272.8,0,203,12,9,1.2817,1.3835
103984,9191,2014,45,0,202,3,1,51,194,0,51,24,234,2,34,26,23,44,77,806,0,22,1,3,1,0,36,10,1,3,1,4,0,0,0,0,2,3,5,1,0,0,21,0,0,3,2,0,18.0,8.0,-0.418,167.2,0,153,2,6,-0.4301,-0.0062
104169,9197,2014,44,0,202,3,1,177,650,0,139,147,705,121,47,58,58,187,177,2477,2,25,25,18,4,0,96,25,3,0,3,15,1,0,1,6,5,0,10,19,0,0,0,0,0,2,3,0,0.0,0.0,2.6516,671.7996,0,533,0,0,4.3007,5.2212
105285,9225,2014,100,0,202,3,1,61,221,0,53,35,247,0,19,26,26,67,72,813,1,42,0,4,6,4,37,10,2,4,0,6,0,0,4,2,1,22,10,0,5,1,42,0,0,2,0,7,19.0,5.0,0.0768,306.7001,0,184,12,10,0.2667,0.3607
105373,9228,2014,106,0,202,3,1,38,148,0,36,26,166,0,16,19,18,41,43,591,2,21,0,2,4,0,22,8,0,1,1,5,0,0,2,1,1,14,4,0,0,0,21,0,0,1,1,0,8.0,0.0,-0.253,152.5999,0,116,5,3,-0.2784,-0.4518
105789,9236,2014,100,0,202,3,1,72,286,0,73,56,305,35,16,34,31,77,77,1081,2,15,15,4,6,0,54,12,1,1,2,5,0,0,0,3,1,0,5,2,0,0,0,0,0,7,2,0,0.0,0.0,0.2795,304.0999,0,218,0,0,1.8812,0.7474
105996,9240,2014,43,0,202,3,1,13,58,0,18,11,62,0,4,5,5,10,17,194,1,5,0,1,0,0,13,1,0,0,1,3,0,0,0,0,0,2,2,0,0,0,5,0,0,1,0,0,7.0,3.0,-0.0016,29.7,0,40,0,0,-0.134,0.1783
106188,9249,2014,38,0,202,3,1,37,147,0,40,31,158,0,10,22,21,38,37,569,2,27,0,1,1,0,23,9,0,0,1,7,0,0,0,2,1,7,4,0,3,3,27,0,0,0,0,3,17.0,4.0,0.255,117.2,0,113,6,3,-0.244,-0.6692
106242,9250,2014,42,0,202,3,1,11,42,0,8,4,43,0,1,1,1,15,14,156,1,6,0,0,0,0,8,0,0,0,0,0,0,0,0,0,0,1,1,0,0,0,6,0,0,1,0,0,3.0,0.0,0.1935,26.7,0,34,2,0,0.2771,0.5271
106279,9253,2014,96,0,202,3,1,153,591,0,138,106,646,50,48,63,53,179,163,2294,0,26,26,7,8,0,102,21,3,3,6,9,0,0,9,11,1,0,6,15,0,0,0,0,0,11,3,0,0.0,0.0,0.8706,657.6998,0,459,0,0,3.5944,2.0694
106668,9262,2014,42,0,202,3,1,9,31,0,6,10,39,0,6,5,5,9,7,131,0,27,0,0,0,0,2,2,0,1,1,1,0,0,2,1,1,0,0,0,1,1,27,0,0,1,1,6,22.0,6.0,-0.0401,64.2,0,27,5,7,0.0849,-0.0639
106734,9264,2014,41,0,202,3,1,53,201,0,48,36,218,0,16,16,15,68,47,765,0,24,0,3,0,0,26,18,0,1,0,4,0,0,2,5,0,8,7,0,0,0,24,0,0,4,0,1,7.0,1.0,0.3338,104.6,0,159,4,0,0.6759,1.1327
106758,9265,2014,46,0,202,3,1,45,176,0,43,28,190,0,12,23,19,55,46,666,2,44,0,3,1,2,30,8,0,1,2,3,0,0,0,2,1,18,4,0,5,3,44,0,0,7,1,5,31.0,9.0,0.3317,225.5999,0,137,12,9,0.5847,-0.0243
106965,9272,2014,42,0,202,3,1,1,5,0,1,0,6,0,1,0,0,2,2,20,1,1,0,0,0,0,1,0,0,0,0,0,0,0,0,0,0,1,0,0,0,0,1,0,0,0,0,0,2.0,0.0,0.0042,0.6,0,4,0,0,-0.0131,0.0746
107004,9274,2014,33,0,202,3,1,32,118,0,26,18,136,0,17,10,10,42,33,478,1,16,0,0,0,2,24,2,1,0,0,0,0,0,1,0,0,4,3,0,5,1,16,0,0,0,1,3,18.0,6.0,0.8131,143.1,0,97,3,1,0.3678,0.4614
107208,9284,2014,33,0,202,3,1,61,220,0,43,49,244,0,16,16,15,71,60,841,0,57,0,6,4,31,29,11,6,2,0,3,0,0,3,2,0,41,2,0,34,3,57,0,0,2,1,2,12.0,3.0,2.0015,450.4999,0,183,31,6,1.834,1.6993
107418,9299,2014,43,0,202,3,1,38,138,0,24,25,160,0,19,10,8,44,43,547,1,23,0,0,1,1,15,6,0,0,2,1,0,0,0,1,3,15,1,0,1,0,23,0,0,5,1,0,14.0,0.0,0.3712,77.2,0,115,3,2,0.2999,0.9976
107666,9321,2014,38,0,202,3,1,33,116,0,17,28,133,0,16,12,12,33,37,495,0,21,0,1,0,0,13,1,0,1,0,3,0,0,0,0,0,8,0,0,1,1,21,0,0,6,0,2,11.0,4.0,-0.1455,114.0,0,99,6,4,0.1099,0.2583
109815,9418,2014,39,0,202,3,1,42,157,0,39,23,175,20,16,15,15,43,51,592,0,8,6,2,2,0,26,6,0,1,1,6,0,0,2,1,1,0,6,4,0,0,2,1,0,3,0,1,1.0,1.0,0.1648,186.9,0,126,0,1,0.0194,0.7438
109857,9419,2014,106,0,202,3,1,40,149,0,36,20,168,0,18,15,15,42,51,606,1,17,0,2,0,0,25,4,1,0,1,6,0,0,0,1,0,2,6,0,0,0,17,0,0,0,1,0,16.0,10.0,-0.0837,107.0,0,121,3,2,-0.727,0.1315
109892,9422,2014,46,0,202,3,1,11,50,0,19,11,62,0,9,10,10,12,10,226,1,10,0,1,0,0,9,7,1,1,3,0,0,0,1,0,1,4,0,0,0,0,10,0,0,0,0,2,13.0,10.0,-0.4683,40.5,0,34,2,5,0.1387,-0.4463
110238,9444,2014,33,0,202,3,1,167,636,0,149,129,675,110,25,61,57,196,161,2360,1,29,29,14,7,0,108,27,5,5,4,10,1,0,0,3,4,0,10,16,0,0,0,1,1,4,5,0,0.0,0.0,2.199,625.1002,0,502,0,0,5.1793,2.8762
110335,9449,2014,48,0,202,3,1,164,627,0,156,105,722,81,85,93,90,180,186,2592,2,28,28,7,10,0,93,40,1,7,2,21,0,0,0,7,2,0,12,10,0,0,0,1,1,9,5,0,0.0,0.0,-1.9596,754.4006,0,494,0,0,0.3821,0.4021
110370,9450,2014,46,0,202,3,1,159,610,0,158,120,671,51,53,66,61,175,152,2351,2,31,24,8,11,5,119,21,1,3,5,13,0,1,4,10,3,6,15,13,6,1,7,1,0,9,7,0,0.0,0.0,1.1246,721.8994,0,479,5,1,3.2604,2.9458
110593,9460,2014,46,0,202,3,1,124,470,0,116,53,510,55,35,46,45,151,150,1748,0,19,19,8,6,0,87,20,1,3,2,7,0,0,1,3,1,0,12,12,0,0,0,0,0,1,4,0,0.0,0.0,1.3691,556.8,0,372,0,0,2.3162,3.0059
110799,9466,2014,100,0,202,3,1,86,327,0,77,46,346,0,16,26,20,111,89,1152,0,38,0,7,0,1,51,18,0,2,2,6,0,0,2,6,1,11,9,0,2,0,38,0,0,6,0,0,33.0,14.0,0.3934,239.9,0,258,8,4,0.9777,1.6745
110820,9468,2014,110,0,202,3,1,27,106,0,26,19,114,0,7,11,11,29,30,413,2,14,0,0,0,0,17,4,0,0,1,4,0,0,0,0,1,7,3,0,0,0,14,0,0,0,0,0,8.0,1.0,0.1867,38.8,0,83,1,0,-0.1396,-0.0182
110854,9471,2014,44,0,202,3,1,2,9,0,2,3,10,0,1,0,0,1,3,44,2,2,0,0,0,0,1,0,0,0,1,0,0,0,0,0,0,2,1,0,0,0,2,0,0,0,0,0,1.0,0.0,0.002,1.3,0,8,0,0,0.0875,0.1492
110882,9472,2014,100,0,202,3,1,7,28,0,8,7,30,0,2,1,1,7,6,112,0,7,0,0,0,6,7,1,0,0,0,0,0,0,0,0,0,7,1,0,6,0,7,0,0,0,0,0,1.0,1.0,0.7689,81.5,0,21,5,0,0.4155,0.4945
111013,9476,2014,96,0,202,3,1,4,21,0,10,2,26,0,4,4,4,3,7,105,2,2,1,0,1,0,7,1,0,1,0,2,0,0,0,2,0,0,1,0,0,0,1,0,0,0,1,0,0.0,0.0,-0.2644,19.2,0,14,0,0,-0.2931,-0.174
111125,9480,2014,33,0,202,3,1,35,139,0,36,19,146,0,7,12,12,52,32,519,2,18,0,0,1,2,24,9,0,0,1,2,1,0,0,0,0,11,4,0,6,2,18,0,0,1,0,0,10.0,3.0,-0.071,105.1,0,107,3,1,0.4567,0.3768
111250,9483,2014,38,0,202,3,1,37,154,0,48,26,174,6,16,25,25,32,49,629,2,18,1,1,2,0,29,11,0,3,0,8,0,0,0,3,1,2,5,1,0,0,17,0,0,5,0,0,14.0,9.0,-0.6382,130.2,0,113,1,6,-0.725,-0.9232
111391,9490,2014,40,0,202,3,1,90,356,0,96,57,385,26,21,40,35,113,89,1339,1,42,8,6,6,5,69,18,0,3,1,8,0,0,6,2,5,16,9,5,6,1,34,0,0,12,3,6,30.0,6.0,2.5193,527.6,0,271,20,5,1.2908,0.3053
111749,9503,2014,34,0,202,3,1,198,721,0,168,85,811,68,81,66,64,267,200,2771,1,28,28,12,11,0,125,29,6,2,2,12,0,1,7,8,0,0,32,20,0,0,0,1,1,8,10,0,0.0,0.0,2.8064,875.9002,0,595,0,0,2.4234,4.4022
111984,9509,2014,96,0,202,3,1,1,6,0,2,1,8,0,1,0,0,1,3,19,2,1,0,0,0,0,1,1,0,1,0,0,0,0,0,1,0,1,0,0,0,0,1,0,0,0,0,0,2.0,1.0,-0.0032,1.6,0,5,0,0,0.0119,0.0944
112185,9519,2014,39,0,202,3,1,44,171,0,42,21,198,0,20,19,19,54,56,727,2,19,0,2,0,0,32,6,0,4,0,4,0,0,4,2,3,5,2,0,0,0,19,0,0,6,1,0,19.0,7.0,-0.05,133.6999,0,134,3,3,-0.1956,0.0226
112280,9521,2014,34,0,202,3,1,175,651,0,152,132,703,58,42,54,51,170,201,2391,1,27,27,10,11,0,100,24,6,1,3,25,0,0,9,5,3,0,14,19,0,0,0,1,1,3,2,0,0.0,0.0,2.8926,660.4999,0,526,0,0,2.3481,4.4476
112471,9526,2014,42,0,202,3,1,142,546,0,146,85,596,62,41,56,52,169,148,2052,0,24,24,10,7,0,98,31,2,4,4,13,2,0,1,6,3,0,15,8,0,0,0,0,0,4,5,0,0.0,0.0,1.1618,619.6005,0,426,0,0,2.4187,3.12
112542,9528,2014,45,0,202,3,1,75,314,0,98,52,351,33,26,44,41,93,73,1268,0,28,10,4,7,3,67,20,3,3,3,8,1,0,0,2,5,11,5,4,4,1,18,0,0,2,1,4,12.0,4.0,-0.7393,488.8998,0,225,6,5,0.6401,-0.2769
113138,9548,2014,39,0,202,3,1,50,194,0,56,28,226,3,29,28,26,59,52,797,1,33,2,4,2,2,45,5,1,2,0,6,0,0,2,2,0,15,10,0,7,4,31,0,0,4,0,2,23.0,10.0,-1.5996,216.5001,0,151,5,9,-0.5137,-0.6503
113185,9552,2014,44,0,202,3,1,155,582,0,141,88,642,68,53,57,54,169,184,2221,0,23,23,10,9,0,98,25,2,5,4,14,0,0,0,10,0,0,17,15,0,0,0,0,0,2,4,0,0.0,0.0,1.7551,588.3997,0,465,0,0,2.146,3.7567
113337,9558,2014,45,0,202,3,1,14,52,0,10,11,62,0,8,9,9,20,12,234,1,12,0,1,1,0,5,2,0,1,0,3,0,0,0,1,1,4,0,0,1,1,12,0,0,0,1,4,7.0,2.0,0.5765,95.8,0,43,4,1,-0.3759,-0.2524
113602,9571,2014,46,0,202,3,1,80,319,0,84,59,339,36,17,35,33,83,89,1136,2,12,12,2,4,0,65,9,1,1,5,5,0,0,1,0,1,0,7,6,0,0,0,0,0,4,2,0,0.0,0.0,-0.171,361.3,0,242,0,0,2.3632,1.3737
113752,9573,2014,40,0,202,3,1,102,373,0,95,74,426,36,43,42,41,137,73,1500,1,17,17,5,7,0,68,15,5,4,0,12,1,0,0,4,1,0,15,12,0,0,0,1,0,2,5,0,0.0,0.0,0.8021,445.5998,0,307,0,0,0.8079,1.3353
113822,9574,2014,35,0,202,3,1,68,256,0,57,46,270,31,10,18,12,84,66,937,1,10,10,7,1,0,36,12,1,1,1,8,0,0,0,2,2,0,6,8,0,0,0,0,0,2,1,0,0.0,0.0,1.9001,274.4999,0,205,0,0,1.1178,2.1121
113876,9575,2014,100,0,202,3,1,129,502,0,129,49,522,81,18,47,47,181,140,1737,0,24,24,13,6,0,90,21,2,0,5,13,1,0,0,5,0,0,10,11,0,0,0,0,0,5,4,0,0.0,0.0,1.4927,482.3,0,387,0,0,1.694,2.8789
114027,9578,2014,33,0,202,3,1,163,634,0,153,105,666,98,25,46,42,198,175,2293,0,28,28,16,5,0,117,26,3,1,2,8,1,0,0,3,3,0,8,16,0,0,0,0,0,3,0,0,0.0,0.0,2.7631,654.0002,0,489,0,0,4.7552,4.539
114117,9579,2014,45,0,202,3,1,59,207,0,38,30,241,34,31,14,11,77,61,873,0,9,9,5,0,0,28,7,2,1,0,3,0,0,0,2,0,0,6,6,0,0,0,0,0,4,2,0,0.0,0.0,0.9489,251.4,0,177,0,0,0.7303,2.432
114463,9596,2014,45,0,202,3,1,91,359,0,101,61,392,35,26,49,46,92,108,1368,2,16,16,4,6,0,70,18,1,5,0,13,0,0,0,3,1,0,7,9,0,0,0,0,0,4,7,0,0.0,0.0,0.1307,391.2999,0,275,0,0,0.9332,0.5642
114897,9608,2014,47,0,202,3,1,8,30,0,7,6,34,0,3,2,2,5,12,116,1,8,0,1,1,6,6,1,0,1,0,0,0,0,0,0,0,8,2,0,7,1,8,0,0,0,0,0,1.0,0.0,0.0157,81.0,0,25,6,1,0.318,0.3983
114940,9610,2014,48,0,202,3,1,36,138,0,31,27,154,0,16,9,9,39,39,518,2,36,0,3,4,26,21,6,0,0,1,3,0,0,3,1,0,34,4,0,27,1,36,0,0,1,0,0,5.0,1.0,1.495,320.7,0,110,23,4,0.4961,1.5292
115121,9614,2014,36,0,202,3,1,36,133,0,32,20,151,0,13,10,9,43,39,492,0,23,0,2,1,1,23,6,2,1,0,3,0,0,4,0,2,8,4,0,1,0,23,0,0,1,1,2,10.0,7.0,0.9383,199.8,0,108,7,2,0.1797,0.7673
115198,9617,2014,33,0,202,3,1,17,65,0,16,18,74,0,9,9,9,19,12,289,0,13,0,1,0,1,10,5,0,0,0,1,0,0,2,4,0,7,1,0,2,1,13,0,0,2,0,3,7.0,2.0,0.4928,107.6,0,51,6,2,0.3779,-0.2579
115404,9624,2014,40,0,202,3,1,44,182,0,55,32,207,0,22,23,23,54,40,788,1,20,0,1,1,0,43,8,0,1,0,4,0,0,0,2,2,6,7,0,0,0,20,0,0,3,0,0,24.0,7.0,-0.0796,165.2,0,133,4,3,-0.0883,-0.4115
116305,9653,2014,110,0,202,3,1,89,317,0,67,55,379,21,49,33,31,97,105,1317,2,37,6,6,2,2,50,11,5,4,1,5,0,0,7,6,4,12,10,4,4,2,31,0,0,7,2,7,29.0,10.0,1.3026,471.1999,0,269,14,5,0.3107,0.6332
116973,9680,2014,44,0,202,3,1,2,10,0,2,4,11,0,0,0,0,4,0,40,2,1,0,1,0,0,1,1,0,0,0,0,0,0,0,0,1,0,0,0,0,0,1,0,0,0,0,0,1.0,0.0,0.1586,12.6,0,8,1,0,0.128,0.1685
117057,9687,2014,35,0,202,3,1,25,97,0,21,16,105,0,8,11,11,20,39,406,2,16,0,1,0,0,13,4,0,0,1,3,0,0,0,1,0,8,2,0,0,0,16,0,0,0,0,0,6.0,1.0,0.0892,43.2,0,77,1,1,-0.0208,-0.0041
117184,9693,2014,36,0,202,3,1,29,98,0,18,21,113,0,13,3,3,28,32,389,0,21,0,1,1,1,16,2,0,1,0,0,0,0,1,2,1,11,3,0,1,0,21,0,0,0,2,4,10.0,1.0,0.6893,119.1,0,87,6,1,0.5471,1.1893
117225,9697,2014,40,0,202,3,1,100,379,0,91,79,428,23,43,31,31,106,105,1592,0,50,8,5,6,2,64,14,4,0,7,6,2,0,3,5,2,20,8,6,5,3,42,0,0,5,2,7,23.0,3.0,1.591,590.2,0,300,14,9,1.5385,2.0416
117503,9709,2014,110,0,202,3,1,19,70,0,16,15,83,0,11,9,9,20,20,334,2,11,0,1,0,0,11,1,1,0,1,3,1,0,0,0,1,4,2,0,0,0,11,0,0,0,2,2,6.0,1.0,0.4842,50.3,0,59,3,0,-0.3526,-0.1626
117531,9711,2014,43,0,202,3,1,169,630,0,160,110,705,76,66,87,85,212,151,2576,0,28,28,10,13,0,106,39,2,6,3,12,0,0,0,8,1,0,23,17,0,0,0,3,1,7,6,0,0.0,0.0,-0.3138,699.5004,0,507,0,0,2.9016,1.405
117855,9717,2014,45,0,202,3,1,8,32,0,7,8,36,0,4,4,0,8,8,142,2,7,0,0,0,1,7,0,0,0,0,0,0,0,0,1,0,2,2,0,1,0,7,0,0,0,0,1,5.0,0.0,0.4369,35.9,0,26,2,0,0.2092,0.0326
118018,9734,2014,38,0,202,3,1,47,163,0,34,18,168,0,3,5,5,68,45,575,0,30,0,3,0,0,26,8,1,1,0,0,0,0,0,3,0,7,6,0,2,2,30,0,0,2,1,10,32.0,5.0,2.4644,192.9001,0,141,16,1,1.2675,2.0035
118246,9735,2014,36,0,202,3,1,172,629,0,133,87,688,56,48,38,37,224,181,2317,2,26,26,11,5,0,104,20,3,2,5,4,1,0,0,7,6,0,22,18,0,0,0,2,2,6,4,0,0.0,0.0,4.2904,749.8998,0,518,0,0,4.1443,6.469
118504,9746,2014,40,0,202,3,1,149,565,0,147,99,630,57,50,46,40,178,146,2223,1,34,21,8,10,5,108,28,10,4,7,4,0,0,0,3,1,8,15,14,6,1,13,2,1,15,8,0,2.0,0.0,2.5502,767.5,0,448,8,3,3.7946,3.596
118537,9747,2014,33,0,202,3,1,63,235,0,56,46,255,0,17,14,14,67,64,886,0,57,0,6,6,11,41,10,1,1,2,3,1,0,5,1,1,30,8,0,14,3,57,0,0,2,3,13,29.0,6.0,2.4266,445.5998,0,189,27,8,1.6961,2.1229
118589,9749,2014,37,0,202,3,1,163,599,0,134,84,662,46,50,59,56,201,186,2370,1,25,25,7,12,0,89,24,6,3,7,14,2,0,5,6,4,0,18,17,0,0,0,0,0,11,1,0,0.0,0.0,2.8487,633.8,0,490,0,0,1.9207,2.9049
118615,9753,2014,45,0,202,3,1,88,342,0,87,50,378,36,32,43,42,107,96,1315,1,18,15,5,5,0,66,8,1,1,3,10,0,0,0,2,2,1,9,7,0,0,3,0,0,2,0,1,1.0,0.0,0.2128,378.0001,0,265,1,0,0.737,0.9232
118695,9757,2014,43,0,202,3,1,44,171,0,50,27,197,10,16,28,27,55,46,682,2,13,6,0,4,1,31,12,3,4,2,5,0,0,0,3,3,2,5,2,3,2,7,0,0,3,0,2,3.0,1.0,-0.6387,250.6,0,134,4,1,0.2314,-0.2777
118756,9761,2014,45,0,202,3,1,2,14,0,8,2,14,0,0,4,4,1,3,45,1,4,0,0,1,0,4,2,0,0,0,2,0,0,0,0,0,1,0,0,0,0,4,0,0,0,0,2,4.0,3.0,-0.6737,24.3,0,7,1,2,-0.3105,-0.3938
118850,9767,2014,39,0,202,3,1,50,198,0,59,46,213,0,12,19,16,47,48,795,2,35,0,5,2,1,48,8,1,2,1,2,0,0,1,1,0,14,5,0,3,1,35,0,0,3,1,4,35.0,12.0,1.1254,179.1001,0,152,11,7,1.3283,0.3271
118912,9780,2014,48,0,202,3,1,172,669,0,170,97,732,81,51,87,77,222,175,2582,0,28,28,10,14,0,111,30,2,5,5,24,0,0,0,2,5,0,15,15,0,0,0,1,0,4,4,0,0.0,0.0,0.0031,739.9005,0,516,0,0,1.0257,1.4486
118951,9783,2014,43,0,202,3,1,27,103,0,26,9,111,6,6,10,10,33,36,371,1,4,4,1,2,0,18,7,1,1,0,1,0,0,1,0,0,0,1,3,0,0,0,0,0,0,0,0,0.0,0.0,0.182,111.0,0,82,0,0,0.6369,0.6775
119016,9789,2014,36,0,202,3,1,165,581,0,113,83,638,78,47,37,33,223,163,2209,0,24,24,14,5,0,85,21,4,4,2,5,0,1,0,4,1,0,18,21,0,0,0,0,0,22,4,0,0.0,0.0,4.4124,676.7,0,495,0,0,3.8896,6.0967
119116,9792,2014,34,0,202,3,1,14,54,0,13,11,60,0,6,4,4,13,17,209,0,6,1,0,0,0,10,1,0,0,0,2,0,0,1,1,0,5,1,0,0,0,5,0,0,0,0,0,8.0,2.0,-0.0839,34.9,0,42,0,0,0.0243,0.3014
119238,9800,2014,40,0,202,3,1,26,99,0,27,20,107,0,6,12,10,34,18,382,2,31,0,2,1,0,22,2,0,2,0,3,0,0,1,3,0,6,7,0,1,1,31,0,0,0,0,4,30.0,7.0,0.064,170.1,0,80,7,4,0.3284,-0.0532
119326,9806,2014,110,0,202,3,1,35,127,0,33,19,149,0,15,14,14,45,36,514,0,19,0,2,1,0,25,5,3,3,0,3,0,0,2,0,1,5,3,0,1,1,19,0,0,2,0,3,18.0,12.0,0.1675,163.4,0,105,7,6,-0.109,-0.0354
119364,9812,2014,38,0,202,3,1,36,138,0,30,22,156,0,14,20,18,41,45,533,1,32,0,7,1,1,17,7,2,1,1,5,1,0,2,3,1,15,1,0,5,4,32,0,0,1,0,4,11.0,2.0,-0.0783,232.5999,0,109,9,9,-0.2974,-0.634
119388,9820,2014,106,0,202,3,1,24,91,0,18,22,104,0,10,5,4,29,22,370,2,18,0,0,0,2,13,3,0,2,1,1,0,0,2,0,1,6,0,0,3,1,18,0,0,4,0,3,14.0,5.0,0.5747,115.2,0,74,7,3,0.4509,0.6592
119418,9822,2014,34,0,202,3,1,53,207,0,56,25,234,27,20,20,19,59,68,829,0,14,8,4,2,2,49,4,3,2,0,3,0,1,0,3,1,6,6,5,3,1,6,0,0,1,0,0,0.0,0.0,0.2628,266.5,0,159,1,1,0.5934,0.7794
119442,9823,2014,106,0,202,3,1,142,533,0,123,78,596,49,55,62,54,156,174,2123,1,25,25,7,10,0,91,15,4,3,6,11,1,0,1,2,1,0,10,11,0,0,0,0,0,3,4,0,0.0,0.0,0.5979,619.3998,0,427,0,0,1.2941,0.7689
119486,9826,2014,96,0,202,3,1,4,16,0,4,2,18,0,1,2,2,5,5,54,0,3,0,0,0,0,3,1,0,0,0,0,0,0,1,0,1,1,0,0,0,0,3,0,0,1,0,0,5.0,1.0,-0.0391,8.3,0,12,0,1,0.0757,-0.0282
119604,9868,2014,96,0,202,3,1,41,152,0,33,16,169,0,16,18,18,48,55,549,2,39,0,1,5,12,21,9,0,1,0,3,1,0,5,3,0,26,4,0,15,3,39,0,0,1,0,6,12.0,1.0,0.086,294.0,0,125,21,7,0.1251,0.0616
119666,9871,2014,42,0,202,3,1,45,165,0,34,29,189,0,23,23,14,51,47,693,1,48,0,2,4,1,17,13,0,1,0,4,0,0,1,3,0,16,4,0,1,0,48,0,0,2,5,12,27.0,6.0,1.0801,293.3999,0,136,20,10,0.0968,-0.0164
119788,9886,2014,48,0,202,3,1,52,208,0,56,36,233,0,23,38,37,58,58,810,2,36,0,1,2,2,33,9,0,1,1,13,0,0,1,3,1,20,5,0,4,2,36,0,0,3,1,2,18.0,5.0,-0.7096,149.9,0,158,6,7,-1.2008,-1.2798
119818,9887,2014,37,0,202,3,1,56,203,0,44,36,220,0,14,16,16,55,68,766,1,28,0,2,2,0,27,9,0,2,3,5,0,0,2,2,1,15,7,0,0,0,28,0,0,2,3,7,21.0,2.0,0.996,155.3,0,169,9,4,0.4365,0.9678
119859,9889,2014,42,0,202,3,1,6,23,0,5,4,27,0,4,2,2,7,7,106,0,3,0,1,0,0,4,0,0,0,0,1,0,0,0,0,0,1,0,0,0,0,3,0,0,1,0,0,2.0,0.0,0.1691,16.3,0,18,1,0,-0.1001,0.1106
119903,9893,2014,42,0,202,3,1,54,208,0,56,32,246,0,29,29,28,61,64,849,0,35,0,2,6,1,39,12,2,5,0,5,0,0,6,6,2,12,4,0,6,5,35,0,0,1,0,4,23.0,13.0,-0.6649,397.2998,0,162,14,11,0.0441,-0.2386
119928,9898,2014,96,0,202,3,1,2,10,0,2,3,12,0,2,1,1,2,3,39,2,1,0,0,0,0,1,1,0,0,0,0,0,0,0,0,0,1,0,0,0,0,1,0,0,0,0,0,1.0,0.0,0.0002,1.6,0,8,0,0,0.0415,0.0213
119946,9900,2014,33,0,202,3,1,1,7,0,3,0,10,0,2,1,1,5,0,21,2,1,0,0,1,0,3,0,1,0,0,0,0,0,2,0,0,1,0,0,0,0,1,0,0,1,0,0,0.0,0.0,-0.2246,30.5,0,5,0,1,0.0555,-0.0687
120046,9917,2014,106,0,202,3,1,29,112,0,25,22,130,0,16,14,14,35,30,468,2,15,0,0,0,0,15,6,0,1,0,4,1,0,0,2,1,9,1,0,0,0,15,0,0,3,0,0,13.0,3.0,0.0921,36.0,0,89,0,0,-0.4182,-0.2752
120065,9919,2014,48,0,202,3,1,13,55,0,16,7,66,0,9,7,7,13,19,224,1,13,0,1,3,2,10,4,0,1,2,0,0,0,2,0,1,11,0,0,4,2,13,0,0,2,1,1,9.0,2.0,-1.3669,164.4,0,40,2,5,0.1753,-0.0871
120262,9977,2014,39,0,202,3,1,48,173,0,39,31,189,0,13,10,8,57,47,667,1,22,1,2,1,0,25,10,0,1,1,3,0,0,0,0,2,11,9,0,0,0,21,0,0,1,1,1,23.0,5.0,0.8896,126.5999,0,145,4,1,0.5556,1.3833
120300,9984,2014,43,0,202,3,1,33,128,0,33,23,159,3,27,23,23,33,39,622,1,18,2,1,1,1,21,6,0,1,0,6,0,0,1,4,3,5,2,1,1,0,16,0,0,2,2,0,10.0,2.0,0.1214,93.5,0,100,2,0,-0.7988,-0.5632
120346,9992,2014,35,0,202,3,1,15,53,0,11,11,55,0,1,4,4,16,14,180,0,10,0,0,0,1,6,4,0,1,0,1,0,0,0,0,0,7,3,0,2,0,10,0,0,0,1,0,11.0,3.0,0.0995,24.8,0,45,0,0,0.3344,0.2903
120516,10002,2014,37,0,202,3,1,164,637,0,163,117,691,57,46,70,63,186,170,2444,0,27,27,9,10,0,105,38,4,3,6,14,0,0,6,3,1,0,13,16,0,0,0,1,1,15,6,0,0.0,0.0,0.5417,698.4003,0,492,0,0,3.2535,1.627
120632,10007,2014,37,0,202,3,1,33,135,0,40,22,151,0,13,20,18,38,36,509,1,21,0,0,0,0,30,6,0,2,1,3,0,0,0,2,1,7,2,0,0,0,21,0,0,0,1,1,22.0,9.0,-0.3933,78.4,0,100,0,4,-0.0006,-0.6704
120749,10015,2014,106,0,202,3,1,23,96,0,26,21,102,0,6,14,14,29,18,377,1,17,0,0,0,0,18,5,0,0,0,3,0,0,0,1,0,9,2,0,0,0,17,0,0,2,0,1,13.0,5.0,0.044,59.7,0,70,4,3,0.1233,-0.5839
120807,10020,2014,47,0,202,3,1,176,662,0,160,101,736,92,62,65,61,225,176,2591,0,26,26,10,8,0,124,22,2,4,3,11,0,0,0,10,6,0,19,17,0,0,0,2,2,15,3,0,0.0,0.0,1.7007,724.0003,0,528,0,0,3.0318,4.3354
120874,10022,2014,40,0,202,3,1,191,711,0,159,117,777,64,59,68,63,229,203,2719,0,28,28,9,7,0,107,31,3,1,3,18,0,0,1,7,3,0,18,19,0,0,0,4,1,4,4,0,0.0,0.0,3.0688,859.8999,0,573,0,0,2.5709,3.737
121007,10035,2014,44,0,202,3,1,61,235,0,62,37,249,26,11,24,24,71,64,867,0,26,7,5,2,0,44,6,2,1,1,11,0,0,0,1,0,10,6,3,0,0,19,0,0,4,2,3,14.0,4.0,0.9236,264.4,0,183,7,1,0.0827,1.003
121055,10038,2014,33,0,202,3,1,145,545,0,135,100,603,92,46,51,46,153,158,2105,1,25,25,13,3,0,108,17,6,1,5,5,1,0,0,2,5,0,12,12,0,0,0,0,0,5,5,0,0.0,0.0,1.6783,636.5002,0,436,0,0,3.6421,2.745
121075,10040,2014,40,0,202,3,1,47,168,0,29,39,183,0,13,4,4,50,49,651,1,23,0,1,0,0,18,9,1,0,0,2,0,0,0,1,1,10,3,0,0,0,23,0,0,4,1,1,30.0,7.0,0.9988,131.1999,0,142,5,1,0.9539,2.0475
121308,10053,2014,36,0,202,3,1,28,108,0,25,20,122,0,13,12,11,32,32,438,2,22,0,0,0,3,18,4,1,0,0,3,0,0,1,1,0,10,2,0,5,1,22,0,0,0,0,3,11.0,1.0,0.4678,101.6,0,86,6,2,-0.0092,0.0437
121341,10056,2014,36,0,202,3,1,56,207,0,48,39,235,21,21,23,23,61,61,841,2,25,4,6,3,2,37,8,0,5,1,2,0,0,2,1,2,9,6,1,4,2,21,0,0,0,1,1,11.0,4.0,1.0352,254.6,0,170,7,5,1.0347,0.3816
121371,10057,2014,46,0,202,3,1,52,214,0,65,47,241,0,24,39,36,53,47,911,1,31,0,0,4,0,44,14,0,1,2,5,0,0,4,2,2,10,7,0,0,0,31,0,0,8,0,0,23.0,5.0,-0.4856,164.8,0,157,3,6,0.4616,-1.3214
121398,10058,2014,45,0,202,3,1,22,87,0,26,12,102,0,15,19,19,28,21,361,0,22,0,1,5,9,18,4,0,0,1,3,0,0,1,1,0,17,4,0,12,3,22,0,0,1,1,0,3.0,0.0,-1.4381,211.0,0,66,8,7,-0.4994,-1.2859
121429,10059,2014,47,0,202,3,1,128,502,0,149,75,571,74,59,74,71,158,122,2091,0,25,25,10,6,0,116,27,4,2,6,0,0,0,0,5,4,0,19,9,0,0,0,0,0,18,1,0,0.0,0.0,-1.6422,643.6,0,384,0,0,3.1007,0.2912
121503,10068,2014,106,0,202,3,1,188,694,0,160,143,776,66,71,81,75,196,194,2768,1,28,28,12,10,0,110,34,6,3,2,14,0,0,1,8,2,0,20,19,0,0,0,4,3,2,2,0,0.0,0.0,2.3227,852.6006,0,565,0,0,3.0183,1.1491
121638,10078,2014,48,0,202,3,1,164,657,0,194,44,728,73,54,111,107,212,211,2402,0,28,28,9,14,0,122,32,1,10,7,33,1,0,0,3,6,0,13,14,0,0,0,0,0,21,5,0,0.0,0.0,-2.3359,747.101,0,492,0,0,-1.8016,-1.3247
121682,10083,2014,96,0,202,3,1,41,154,0,38,20,176,0,20,14,13,50,45,592,0,35,0,4,7,18,29,5,0,1,0,4,0,0,6,1,1,27,5,0,21,3,35,0,0,1,2,0,9.0,4.0,1.2694,423.3998,0,123,22,7,-0.2538,0.8447
121785,10090,2014,38,0,202,3,1,57,207,0,48,49,233,0,21,18,16,62,50,797,0,52,0,7,5,29,35,10,2,3,2,1,0,0,0,4,0,44,7,0,33,4,52,0,0,2,2,1,12.0,6.0,0.908,475.4999,0,171,24,7,1.9246,1.1734
121996,10099,2014,96,0,202,3,1,49,198,0,55,34,226,14,25,30,29,56,53,804,0,9,9,0,6,0,38,8,1,1,2,7,0,0,3,1,1,0,3,3,0,0,0,0,0,4,2,0,0.0,0.0,-1.1942,232.6,0,147,0,0,0.0194,-0.4204
122108,10103,2014,37,0,202,3,1,24,100,0,28,20,102,0,1,9,9,33,20,365,1,21,0,0,2,15,16,8,0,1,0,4,0,0,0,1,0,18,0,0,15,0,21,0,0,0,0,0,5.0,4.0,1.4464,239.4,0,73,13,3,0.2866,0.2716
122277,10114,2014,38,0,202,3,1,130,482,0,110,92,528,61,35,44,41,152,129,1860,2,23,23,7,4,0,83,17,3,4,1,9,0,0,0,4,4,0,17,8,0,0,0,0,0,10,2,0,0.0,0.0,1.9942,552.3999,0,392,0,0,2.7973,2.7751
122399,10125,2014,43,0,202,3,1,98,385,0,102,76,423,34,33,55,51,101,106,1513,1,29,15,2,5,1,59,22,1,3,6,15,0,0,0,3,1,5,7,7,2,1,14,0,0,7,1,2,14.0,2.0,-0.3822,438.5,0,295,3,3,0.6165,0.1303
122418,10128,2014,100,0,202,3,1,53,200,0,56,23,212,29,11,18,18,69,52,704,0,10,9,3,2,0,44,8,1,0,2,2,0,0,0,3,0,0,12,5,0,0,1,0,0,1,1,0,2.0,0.0,0.8297,211.2999,0,159,0,0,1.21,1.3264
122457,10132,2014,40,0,202,3,1,176,664,0,154,118,736,76,64,56,53,228,162,2590,2,27,27,12,7,0,110,29,3,1,4,11,0,0,0,4,4,0,18,21,0,0,0,1,1,6,3,0,0.0,0.0,3.0472,780.4003,0,530,0,0,3.2082,4.3268
122513,10133,2014,35,0,202,3,1,34,125,0,25,23,134,20,9,13,13,48,28,464,0,5,5,3,1,0,16,5,0,0,1,3,0,0,0,0,0,0,2,3,0,0,0,0,0,1,1,0,0.0,0.0,0.6097,113.6,0,102,0,0,0.6132,0.5216
122779,10146,2014,42,0,202,3,1,170,638,0,156,116,708,63,61,68,66,177,189,2448,2,25,25,7,12,0,109,33,2,3,3,11,0,1,3,10,3,0,20,17,0,0,0,2,0,21,3,0,0.0,0.0,0.4218,769.2001,0,512,0,0,3.7074,3.6786
122860,10151,2014,36,0,202,3,1,31,112,0,25,21,124,10,9,5,5,34,34,458,0,6,5,2,1,0,19,3,1,1,0,3,0,0,0,0,1,0,1,3,0,0,1,0,0,1,3,0,1.0,0.0,0.8524,118.4,0,93,0,0,0.4317,1.3957
263,10171,2014,96,0,202,3,1,44,163,0,33,17,180,22,14,19,18,61,50,620,2,7,7,1,0,0,20,11,0,0,0,2,0,0,1,3,3,0,4,4,0,0,0,1,1,1,1,0,0.0,0.0,-0.0133,198.7001,0,134,0,0,0.5838,0.531
590,10179,2014,38,0,202,3,1,131,502,0,126,111,549,46,35,56,52,143,124,1916,2,24,24,5,8,0,94,18,6,3,6,8,1,0,0,2,3,0,12,9,0,0,0,0,0,1,4,0,0.0,0.0,1.2323,546.0002,0,395,0,0,3.6523,1.3887
1332,10191,2014,36,0,202,3,1,149,541,0,124,70,616,59,56,58,57,190,162,2123,0,25,25,8,9,0,88,23,5,6,1,12,1,0,1,13,8,0,18,13,0,0,0,0,0,9,3,0,0.0,0.0,1.1832,588.0004,0,447,0,0,1.1401,2.2328
1438,10201,2014,44,0,202,3,1,121,463,0,125,76,493,59,21,40,40,161,108,1692,0,18,18,8,4,0,84,25,5,2,3,13,1,0,0,5,2,0,9,13,0,0,0,1,0,13,3,0,0.0,0.0,1.6979,484.6997,0,363,0,0,2.2408,3.4843
1727,10205,2014,45,0,202,3,1,20,80,0,25,13,88,0,5,11,11,18,26,295,2,9,0,0,2,0,20,4,0,2,0,1,0,0,0,0,1,2,3,0,0,0,9,0,0,0,0,0,8.0,2.0,-0.1906,56.8,0,62,0,2,0.3108,-0.0773
1918,10214,2014,100,0,202,3,1,125,472,0,115,72,510,72,28,43,41,152,133,1695,1,22,22,8,6,0,85,18,1,6,3,9,0,0,0,2,3,0,15,12,0,0,0,0,0,0,3,0,0.0,0.0,1.3433,517.6,0,376,0,0,2.4044,3.129
2085,10223,2014,48,0,202,3,1,68,264,0,81,26,319,0,45,47,43,82,77,1163,0,33,0,0,1,1,49,16,0,3,2,14,1,0,0,4,7,6,11,0,2,0,33,0,0,3,3,0,21.0,9.0,-1.1292,157.0,0,204,2,8,-2.368,-1.4224
2378,10230,2014,34,0,202,3,1,19,71,0,19,13,78,0,5,9,9,17,23,288,0,12,0,1,0,0,15,4,1,0,0,0,1,0,0,0,1,4,2,0,0,0,12,0,0,0,1,0,11.0,2.0,0.6829,64.5,0,57,4,1,0.439,-0.0879
2413,10232,2014,106,0,202,3,1,7,27,0,9,3,38,0,10,11,11,7,9,137,0,6,0,0,0,0,5,1,1,0,0,3,0,0,0,0,0,2,2,0,0,0,6,0,0,0,0,0,3.0,0.0,0.1338,13.3,0,21,1,0,-0.744,-0.9228
2451,10233,2014,41,0,202,3,1,41,161,0,46,23,196,0,30,30,25,51,44,709,0,25,0,1,1,0,30,6,0,4,1,9,0,0,1,2,1,6,5,0,0,0,25,0,0,2,0,0,18.0,7.0,-0.7528,161.0001,0,123,4,5,-1.2526,-1.0021
2735,10241,2014,46,0,202,3,1,22,86,0,25,21,99,0,12,14,12,14,27,352,0,15,0,1,1,0,17,4,1,0,1,3,0,0,1,2,0,7,2,0,0,0,15,0,0,2,2,0,13.0,3.0,0.1789,63.6,0,66,2,3,0.0093,-0.3154
2967,10246,2014,45,0,202,3,1,53,213,0,60,34,234,0,14,27,25,62,57,789,0,31,0,2,4,1,44,10,1,3,1,5,0,0,1,1,3,14,3,0,2,1,31,0,0,5,2,2,26.0,5.0,-0.3268,261.5,0,159,8,5,0.399,-0.0756
3050,10248,2014,42,0,202,3,1,13,61,0,17,7,74,8,10,14,11,12,19,275,1,3,3,0,2,0,12,3,1,0,0,2,0,0,0,2,2,0,1,1,0,0,0,0,0,2,0,0,0.0,0.0,-0.9231,79.5,0,40,0,0,-0.1887,-0.4981
3496,10261,2014,100,0,202,3,1,11,48,0,15,10,51,0,3,9,9,11,12,177,1,9,0,2,1,4,7,4,0,0,1,3,0,0,1,1,0,8,1,0,6,2,9,0,0,0,0,0,2.0,1.0,-0.2357,82.7,0,34,3,3,-0.195,-0.5245
3498,10261,2014,38,0,202,3,1,82,324,0,88,40,366,0,31,42,37,94,105,1265,2,55,0,1,8,17,66,11,3,3,2,9,0,0,1,6,5,36,5,0,21,4,55,0,0,0,1,5,6.0,4.0,0.7333,651.0995,0,248,21,15,-0.8561,-1.0436
3857,10283,2014,39,0,202,3,1,40,161,0,47,27,178,22,14,27,27,41,48,600,2,12,5,3,1,0,33,7,1,1,0,7,0,0,1,2,1,4,2,3,0,0,7,0,0,2,2,1,4.0,2.0,0.3084,158.0,0,122,1,2,-0.1325,-0.7344
4167,10312,2014,39,0,202,3,1,62,222,0,42,44,239,17,16,10,9,70,64,871,0,19,6,3,0,2,32,5,1,0,1,4,0,0,1,1,0,5,7,5,2,0,13,0,0,6,1,1,11.0,5.0,2.0866,222.7999,0,186,5,1,1.2853,2.5079
4497,10320,2014,39,0,202,3,1,91,324,0,70,49,354,23,25,32,32,114,94,1176,1,15,15,3,7,0,51,11,3,1,0,8,0,0,6,4,1,0,13,9,0,0,0,2,1,3,3,0,0.0,0.0,0.8857,372.2999,0,274,0,0,1.5026,1.7836
5122,10339,2014,37,0,202,3,1,42,159,0,36,38,187,0,28,14,12,36,48,673,1,33,0,1,2,8,28,4,0,0,2,2,0,0,1,0,0,15,5,0,10,2,33,0,0,4,0,3,10.0,3.0,0.4041,330.4001,0,127,15,7,0.3148,0.6671
5439,10350,2014,46,0,202,3,1,47,185,0,56,22,208,0,21,19,18,58,49,740,2,25,0,0,1,0,50,4,0,1,0,2,0,0,0,3,1,9,9,0,0,0,25,0,0,4,3,0,28.0,10.0,0.3709,113.8,0,143,4,3,0.2366,0.5154
6072,10370,2014,45,0,202,3,1,132,525,0,142,46,559,104,26,67,60,200,134,1766,1,20,20,10,4,0,95,28,2,4,1,18,0,0,0,0,2,0,11,8,0,0,0,0,0,7,1,0,0.0,0.0,-0.7205,558.9,0,397,0,0,0.8501,1.1981
6497,10380,2014,41,0,202,3,1,104,411,0,122,42,461,55,43,61,60,120,127,1579,1,19,19,6,9,0,86,23,0,6,4,9,0,0,1,9,1,0,14,7,0,0,0,0,0,9,4,0,0.0,0.0,-1.1567,473.3997,0,313,0,0,0.8616,0.1105
7357,10400,2014,33,0,202,3,1,116,465,0,132,50,519,59,43,63,55,154,129,1683,1,23,23,5,7,0,92,19,2,5,1,20,0,1,1,2,3,0,12,8,0,0,0,0,0,5,2,0,0.0,0.0,-1.2473,510.9995,0,349,0,0,-0.9035,-0.3475
7439,10402,2014,38,0,202,3,1,104,408,0,118,51,472,36,55,65,64,123,122,1703,0,23,23,5,13,0,89,16,5,3,3,10,0,0,0,3,1,0,6,4,0,0,0,0,0,11,6,0,0.0,0.0,-1.143,474.3998,0,312,0,0,0.067,-1.1343
9102,10428,2014,46,0,202,3,1,144,596,0,182,72,669,60,66,95,87,187,152,2286,1,28,28,6,15,0,138,27,3,4,4,13,0,0,5,3,0,0,16,9,0,0,0,0,0,16,5,0,0.0,0.0,-2.5749,726.9999,0,433,0,0,1.3691,-0.7988
9327,10429,2014,43,0,202,3,1,73,291,0,82,45,322,30,25,34,29,89,74,1113,1,12,12,3,5,0,60,15,1,2,2,5,0,0,0,4,3,0,9,6,0,0,0,0,0,6,1,0,0.0,0.0,0.2819,341.0999,0,220,0,0,1.2651,1.003
9436,10430,2014,110,0,202,3,1,27,106,0,24,16,129,0,18,5,2,37,29,428,2,24,0,2,3,11,19,4,1,1,1,0,0,0,4,1,3,21,1,0,12,1,24,0,0,0,0,0,3.0,0.0,1.6931,340.4999,0,83,14,4,0.2474,1.4042
10476,10466,2014,45,0,202,3,1,72,278,0,69,48,299,28,20,28,26,84,77,1031,2,12,12,3,3,0,51,13,0,1,2,3,1,0,0,3,0,0,7,5,0,0,0,1,1,2,1,0,0.0,0.0,0.5497,296.5999,0,218,0,0,2.0574,1.621
10709,10468,2014,37,0,202,3,1,42,144,0,25,27,163,0,17,8,8,43,50,545,2,30,0,3,2,1,20,3,0,1,1,1,0,0,0,1,1,16,7,0,2,1,30,0,0,2,0,3,24.0,5.0,1.2958,220.1999,0,128,12,5,0.5796,1.4592
12624,10516,2014,38,0,202,3,1,114,441,0,113,80,482,47,35,48,47,129,121,1783,2,23,23,6,9,0,76,21,4,2,1,15,0,0,0,2,0,0,8,7,0,0,0,0,0,10,2,0,0.0,0.0,0.4306,443.6999,0,344,0,0,1.0824,1.2983
12943,10533,2014,46,0,202,3,1,87,327,0,80,50,358,23,24,37,37,108,92,1283,2,14,14,3,6,0,56,16,3,2,0,8,0,0,1,2,2,0,9,8,0,0,0,1,0,5,3,0,0.0,0.0,0.217,350.8,0,263,0,0,1.4334,1.6079
13191,10548,2014,47,0,202,3,1,15,58,0,15,8,59,0,1,9,9,17,18,197,0,10,0,2,0,0,9,2,0,0,1,3,0,0,0,0,0,3,2,0,0,0,10,0,0,0,0,2,8.0,1.0,0.6515,36.6,0,45,5,0,-0.0661,-0.155
14153,10571,2014,110,0,202,3,1,106,415,0,107,69,454,45,36,42,41,105,134,1530,2,35,14,12,7,3,74,16,2,1,0,17,1,0,2,0,0,13,11,6,5,2,21,0,0,3,2,5,14.0,7.0,0.1266,533.5001,0,320,9,4,-0.3769,0.695
14491,10575,2014,39,0,202,3,1,53,191,0,41,43,230,0,31,15,12,49,60,774,2,50,0,5,4,0,29,11,2,4,1,0,0,0,12,1,2,22,5,0,3,3,50,0,0,5,1,14,26.0,8.0,0.7257,411.5999,0,161,21,9,1.7098,1.3399
14763,10579,2014,39,0,202,3,1,93,360,0,87,57,387,39,22,46,46,114,101,1385,0,13,13,5,8,0,61,13,0,2,2,11,0,0,0,3,3,0,6,7,0,0,0,3,0,7,0,0,0.0,0.0,-0.702,401.8997,0,279,0,0,1.0133,0.2719
14853,10580,2014,106,0,202,3,1,9,38,0,11,3,46,0,8,5,5,11,12,140,1,6,0,0,2,0,8,0,0,0,0,3,0,0,1,0,0,3,1,0,0,0,6,0,0,2,1,0,1.0,0.0,-0.2197,64.0,0,28,0,2,-0.7217,-0.1915
14924,10582,2014,43,0,202,3,1,40,161,0,51,25,182,0,16,15,15,43,45,618,1,40,0,5,3,2,40,7,2,2,2,2,0,0,3,2,1,10,2,0,7,5,40,0,0,4,0,11,29.0,10.0,0.2294,311.1001,0,121,13,7,0.6468,0.7422
14984,10584,2014,106,0,202,3,1,13,54,0,14,13,58,0,3,10,7,8,19,195,1,9,0,1,1,0,9,2,0,1,0,3,0,0,0,1,0,2,0,0,1,1,9,0,0,1,0,3,4.0,0.0,-0.2185,61.7,0,40,2,3,-0.1291,-0.5857
16801,10611,2014,96,0,202,3,1,4,18,0,8,1,20,0,2,4,4,6,3,68,0,2,0,0,0,0,7,0,0,0,0,1,0,0,0,1,0,0,2,0,0,0,2,0,0,0,0,0,1.0,1.0,-0.0448,4.9,0,12,0,0,-0.1589,-0.2433
18254,10635,2014,34,0,202,3,1,32,131,0,38,12,146,0,12,11,11,38,46,456,1,30,0,4,2,11,29,4,3,0,1,4,0,0,4,2,0,24,1,0,13,2,30,0,0,0,0,1,11.0,5.0,1.1772,282.5,0,97,14,5,-0.2612,0.5207
21975,10760,2014,48,0,202,3,1,176,655,0,157,120,741,71,73,72,66,202,176,2700,2,28,28,10,9,0,110,27,3,3,5,15,1,0,2,6,7,0,19,17,0,0,0,0,0,5,5,0,0.0,0.0,1.7033,778.8004,0,530,0,0,2.3638,3.3844
22016,10761,2014,34,0,202,3,1,36,145,0,43,24,172,0,23,25,25,41,38,612,2,21,0,3,1,1,32,5,1,0,1,5,0,0,1,1,3,8,5,0,2,0,21,0,0,3,2,0,17.0,1.0,0.7052,144.3999,0,110,4,2,-0.6421,-1.0178
22095,10767,2014,34,0,202,3,1,52,195,0,51,40,218,10,19,20,20,60,44,820,2,21,5,4,3,0,36,7,0,2,2,6,0,0,2,1,2,7,9,2,0,0,16,0,0,6,3,0,21.0,10.0,0.0506,203.5999,0,158,2,4,0.3747,0.5876
22299,10773,2014,96,0,202,3,1,107,421,0,110,70,468,47,41,48,44,123,117,1589,0,18,18,7,5,0,82,19,3,3,0,9,0,0,8,6,0,0,7,11,0,0,0,1,0,12,2,0,0.0,0.0,0.6329,534.4,0,321,0,0,1.6713,0.9788
22577,10777,2014,100,0,202,3,1,60,217,0,47,42,232,0,13,18,18,75,53,778,1,29,0,4,0,2,29,9,1,1,3,6,0,0,2,1,0,7,9,0,4,0,29,0,0,3,0,5,29.0,6.0,1.0966,168.1999,0,181,9,2,0.6136,1.2012
22740,10780,2014,39,0,202,3,1,58,223,0,55,45,257,30,33,33,33,63,61,944,2,14,10,3,4,0,37,9,0,1,1,8,0,0,0,1,0,2,5,5,0,0,4,0,0,5,1,1,0.0,0.0,-0.8327,237.6,0,176,0,1,-0.0579,-0.3332
22823,10782,2014,40,0,202,3,1,66,259,0,75,46,282,12,18,28,28,75,65,961,0,30,5,6,2,1,48,19,1,1,2,6,0,0,1,5,3,4,7,4,4,2,25,0,0,1,1,1,8.0,3.0,0.3038,269.8999,0,198,4,7,0.7177,0.3431
22922,10783,2014,38,0,202,3,1,32,125,0,35,33,133,0,4,15,14,30,30,482,1,15,0,2,1,0,25,6,2,2,0,4,0,0,0,3,0,2,1,0,0,0,15,0,0,1,2,0,21.0,8.0,-0.1854,105.6,0,97,3,3,0.5723,-0.128
22990,10787,2014,106,0,202,3,1,128,491,0,127,40,536,54,34,58,53,185,139,1777,1,28,28,6,12,0,93,25,5,4,0,9,0,0,0,8,2,0,12,2,0,0,0,0,0,3,6,0,0.0,0.0,0.9355,493.7999,0,385,0,0,1.0515,0.4347
23030,10788,2014,33,0,202,3,1,28,111,0,29,23,125,0,14,12,12,23,35,413,2,12,0,3,0,0,22,2,0,0,0,5,0,0,0,0,0,1,2,0,0,0,12,0,0,3,3,0,9.0,2.0,0.1108,88.3,0,86,2,1,-0.3819,0.0191
23085,10789,2014,47,0,202,3,1,83,310,0,72,58,337,39,15,38,36,88,97,1145,0,12,12,4,5,0,48,12,1,8,2,10,0,0,0,4,3,0,2,7,0,0,0,2,0,4,0,0,0.0,0.0,0.1595,328.7,0,249,0,0,1.435,1.212
23163,10792,2014,110,0,202,3,1,43,151,0,30,15,162,9,9,7,5,66,40,623,2,6,6,2,2,0,27,2,1,1,0,1,0,0,2,0,0,0,8,5,0,0,0,0,0,3,2,0,0.0,0.0,1.4889,172.3999,0,131,0,0,1.0587,1.9464
23398,10796,2014,42,0,202,3,1,173,668,0,167,125,741,65,60,72,68,185,193,2678,1,28,28,9,8,0,116,34,2,7,4,13,0,0,0,12,4,0,7,17,0,0,0,0,0,4,6,0,0.0,0.0,1.2233,784.2004,0,520,0,0,3.5501,3.3987
23616,10806,2014,38,0,202,3,1,127,464,0,103,76,513,41,42,37,36,154,132,1845,0,23,23,7,6,0,75,20,2,1,1,7,0,0,0,7,4,0,9,11,0,0,0,0,0,12,4,0,0.0,0.0,2.5496,535.5999,0,381,0,0,2.298,3.4398
23690,10807,2014,36,0,202,3,1,69,251,0,55,51,272,7,20,20,20,75,69,982,1,33,3,4,1,0,39,11,1,0,1,4,0,0,1,5,0,6,6,1,2,2,30,0,0,2,3,9,24.0,5.0,2.1904,344.9,0,208,17,2,1.3504,1.4745
23739,10809,2014,40,0,202,3,1,4,19,0,6,2,20,0,1,2,2,3,8,69,2,4,0,0,0,0,5,1,0,0,0,0,0,0,0,0,0,2,0,0,0,0,4,0,0,0,1,0,1.0,1.0,0.2219,14.9,0,14,1,0,0.0934,0.0044
23883,10814,2014,41,0,202,3,1,171,628,0,145,86,695,66,57,54,49,228,171,2374,2,28,28,10,8,0,105,27,3,5,4,9,0,0,0,9,2,0,19,17,0,0,0,1,1,2,3,0,0.0,0.0,2.6398,706.6,0,515,0,0,3.2608,5.2836
24020,10815,2014,35,0,202,3,1,130,494,0,127,82,553,71,46,55,54,154,139,1994,0,23,23,9,9,0,94,22,4,6,3,8,1,0,0,5,3,0,8,7,0,0,0,0,0,8,3,0,0.0,0.0,0.5998,527.2998,0,390,0,0,2.1882,1.3669
24774,10823,2014,106,0,202,3,1,194,725,0,167,123,803,68,61,86,82,232,210,2740,1,29,29,9,13,0,116,30,6,6,5,16,0,1,0,3,4,0,12,20,0,0,0,3,2,14,3,0,0.0,0.0,2.0393,824.4005,0,583,0,0,2.4969,0.9007
24988,10830,2014,110,0,202,3,1,163,624,0,156,79,702,93,68,72,68,195,192,2435,2,27,27,13,7,0,118,26,3,4,0,12,0,0,2,9,3,0,13,14,0,0,0,0,0,1,6,0,0.0,0.0,0.2418,733.3,0,491,0,0,1.1162,0.6934
25661,10841,2014,37,0,202,3,1,167,661,0,177,90,715,43,45,67,60,236,157,2466,1,27,27,6,14,0,121,44,5,3,4,8,0,0,6,2,1,0,15,15,0,0,0,3,1,14,2,0,0.0,0.0,1.1036,759.8007,0,502,0,0,3.757,2.1785
25907,10843,2014,110,0,202,3,1,36,143,0,38,26,171,0,27,21,19,43,34,624,2,19,0,1,1,0,28,4,0,0,1,5,0,0,1,1,1,5,5,0,0,0,19,0,0,2,1,3,12.0,2.0,0.6101,145.4,0,110,4,0,-0.7939,-0.8195
26224,10850,2014,33,0,202,3,1,178,657,0,155,95,696,104,28,55,53,220,195,2381,0,28,28,11,4,0,108,37,5,5,5,5,0,0,0,2,1,0,18,17,0,0,0,0,0,12,3,0,0.0,0.0,2.42,620.1999,0,534,0,0,5.4409,4.3295
26375,10856,2014,40,0,202,3,1,26,104,0,27,21,118,0,11,12,12,21,36,455,2,17,0,0,0,0,21,3,0,1,0,3,0,0,0,0,2,4,1,0,0,0,17,0,0,1,1,0,15.0,6.0,-0.1454,49.8,0,80,0,1,-0.0522,-0.0407
26611,10861,2014,35,0,202,3,1,156,593,0,158,97,681,62,72,72,67,198,150,2408,0,28,28,6,12,0,111,25,7,6,5,17,0,0,2,7,3,0,13,13,0,0,0,0,0,10,5,0,0.0,0.0,0.2167,696.1,0,468,0,0,0.6716,0.9567
26968,10865,2014,39,0,202,3,1,26,106,0,28,17,122,0,16,13,11,29,29,426,1,15,0,1,1,0,21,7,0,0,0,0,0,0,4,2,0,5,3,0,0,0,15,0,0,7,0,0,12.0,4.0,0.0383,102.9999,0,79,2,2,0.4126,-0.1955
27005,10868,2014,43,0,202,3,1,184,699,0,173,99,760,94,51,77,70,224,203,2713,1,29,29,13,11,0,125,34,4,4,7,7,2,0,0,6,2,0,17,19,0,0,0,2,0,13,7,0,0.0,0.0,1.6949,772.8004,0,553,0,0,4.5072,3.4529
27424,10887,2014,110,0,202,3,1,65,254,0,65,35,285,25,27,32,32,81,76,1012,2,12,12,3,3,0,47,13,1,3,1,4,0,0,2,5,0,0,2,5,0,0,0,0,0,8,3,0,0.0,0.0,0.2271,342.9,0,197,0,0,0.8051,-0.0885
27513,10890,2014,39,0,202,3,1,89,335,0,81,53,386,35,44,49,49,105,99,1366,0,16,16,5,6,0,48,19,3,2,3,11,0,0,3,3,2,0,6,8,0,0,0,0,0,7,2,0,0.0,0.0,-0.1268,385.1,0,267,0,0,0.0942,-0.2754
27541,10891,2014,39,0,202,3,1,92,333,0,72,62,375,54,33,29,29,108,93,1310,2,13,13,7,2,0,54,10,3,2,2,6,0,0,0,3,4,0,11,10,0,0,0,2,1,3,2,0,0.0,0.0,1.8436,411.6,0,278,0,0,1.5537,2.2608
28236,10909,2014,96,0,202,3,1,8,27,0,4,1,30,4,3,0,0,14,8,98,0,1,1,1,0,0,4,0,0,0,0,0,0,0,0,0,0,0,1,1,0,0,0,0,0,1,0,0,0.0,0.0,0.2741,23.3,0,24,0,0,0.1068,0.6783
28356,10910,2014,45,0,202,3,1,184,699,0,175,105,770,121,62,60,58,220,202,2702,1,29,29,15,5,0,126,33,2,5,5,11,0,0,0,7,2,0,16,19,0,0,0,1,0,18,5,0,0.0,0.0,2.1077,781.9006,0,553,0,0,3.5831,5.4462
28912,10915,2014,39,0,202,3,1,79,284,0,61,49,336,26,43,36,36,91,87,1196,0,13,13,3,9,0,44,5,1,4,2,10,0,0,4,7,4,0,8,7,0,0,0,1,0,11,1,0,0.0,0.0,-0.0579,352.4,0,237,0,0,-0.0806,0.5603
29944,10936,2014,110,0,202,3,1,134,508,0,119,71,576,72,57,71,68,168,150,1950,2,36,18,7,8,14,81,15,4,3,3,20,0,0,1,1,4,15,10,8,15,1,18,1,0,9,2,1,1.0,1.0,0.4763,640.3999,0,404,10,4,-1.183,-1.1834
30367,10940,2014,35,0,202,3,1,10,41,0,9,4,48,4,7,5,4,17,10,175,1,2,2,1,1,0,8,0,0,0,0,1,0,0,0,1,0,0,0,0,0,0,0,0,0,0,0,0,0.0,0.0,-0.0903,54.5,0,31,0,0,-0.0774,0.0375
30539,10944,2014,110,0,202,3,1,7,26,0,6,7,28,0,1,1,0,6,6,98,0,5,0,0,0,0,6,0,0,0,0,0,0,0,0,0,1,0,1,0,0,0,5,0,0,0,0,1,7.0,2.0,0.3155,33.6,0,21,2,1,0.251,0.2556
37564,11055,2014,37,0,202,3,1,18,66,0,15,8,83,0,16,12,9,22,18,304,1,13,0,0,0,0,10,1,0,1,1,3,0,0,1,3,0,6,6,0,0,0,13,0,0,2,0,0,5.0,2.0,-0.0586,30.3,0,55,0,0,-0.6513,-0.4827
37820,11059,2014,46,0,202,3,1,32,132,0,34,18,160,0,27,24,20,32,44,558,2,22,0,1,0,0,21,5,0,0,0,8,0,0,0,1,1,7,3,0,0,0,22,0,0,5,0,0,21.0,13.0,-0.4303,76.6,0,98,1,2,-1.286,-0.7944
37890,11061,2014,37,0,202,3,1,27,103,0,28,9,118,0,10,13,12,35,32,432,1,14,0,0,1,0,23,4,1,2,1,0,1,0,0,2,2,7,4,0,0,0,14,0,0,2,2,0,10.0,2.0,-0.0829,49.0,0,82,2,2,0.176,-0.1592
40113,11140,2014,110,0,202,3,1,22,84,0,22,8,98,0,12,12,12,33,22,335,1,18,0,1,1,1,13,4,1,0,1,4,0,0,0,1,1,9,0,0,1,0,18,0,0,1,0,1,11.0,6.0,-0.2373,75.8,0,67,2,3,-0.7362,-0.409
40553,11160,2014,106,0,202,3,1,4,15,0,3,2,18,0,3,1,1,6,4,68,1,3,0,0,0,0,2,1,0,0,0,0,0,0,0,0,0,2,1,0,0,0,3,0,0,0,0,0,7.0,4.0,-0.0921,6.2,0,13,0,1,-0.0096,0.0938
40697,11168,2014,42,0,202,3,1,4,16,0,3,5,22,0,6,2,2,2,6,88,1,3,0,0,0,0,1,0,0,0,1,1,0,0,0,2,0,2,0,0,0,0,3,0,0,0,0,0,2.0,1.0,-0.0212,3.4,0,13,0,0,-0.1751,0.0197
41170,11212,2014,39,0,202,3,1,55,208,0,46,44,221,0,11,18,17,71,45,781,0,51,0,3,4,36,29,11,1,0,1,5,1,0,2,0,1,43,3,0,41,5,51,0,0,0,0,0,10.0,0.0,2.485,518.0999,0,165,31,5,1.3665,1.1174
42420,11271,2014,110,0,202,3,1,74,297,0,84,32,333,23,30,45,41,100,79,1117,1,14,14,4,7,0,64,14,0,4,3,3,0,0,5,6,2,0,6,4,0,0,0,1,0,10,4,0,0.0,0.0,-1.4442,331.5,0,223,0,0,1.036,-1.0541
44122,11334,2014,48,0,202,3,1,43,161,0,40,28,181,0,15,17,15,36,61,613,2,39,0,2,1,0,31,5,0,5,0,4,0,0,0,2,0,8,4,0,5,5,39,0,0,1,1,5,42.0,16.0,-0.6582,200.2,0,131,14,7,0.2334,0.5074
44203,11335,2014,110,0,202,3,1,72,274,0,64,38,292,22,14,23,21,78,95,973,1,12,12,4,5,0,55,5,0,4,2,2,0,0,3,1,0,0,3,7,0,0,0,0,0,3,1,0,0.0,0.0,1.2579,332.3,0,217,0,0,2.1355,1.4327
44451,11338,2014,110,0,202,3,1,42,166,0,43,35,195,0,26,27,26,45,45,675,1,26,0,0,3,1,27,12,1,2,0,4,0,0,11,2,0,10,1,0,1,0,26,0,0,3,1,3,23.0,5.0,0.0112,235.5,0,127,8,5,0.2633,-1.4167
44476,11339,2014,44,0,202,3,1,51,202,0,55,34,224,15,17,25,23,48,64,738,0,9,9,3,6,0,40,10,1,3,3,2,1,0,0,1,1,0,6,3,0,0,0,0,0,4,0,0,0.0,0.0,-0.2489,274.8,0,153,0,0,1.2775,0.5349
44503,11340,2014,106,0,202,3,1,58,222,0,58,36,252,0,24,26,26,66,66,840,0,53,0,3,9,29,47,8,1,3,0,3,0,0,6,3,2,45,5,0,37,8,53,0,0,6,0,0,10.0,1.0,0.0018,627.7003,0,174,28,11,0.801,-0.6496
44704,11342,2014,37,0,202,3,1,46,179,0,46,31,210,0,27,19,18,44,58,729,2,34,0,0,2,0,27,12,3,1,2,5,0,0,6,4,0,16,4,0,1,1,34,0,0,3,1,3,31.0,12.0,0.6436,235.1,0,140,11,7,-0.2136,0.1095
44785,11348,2014,106,0,202,3,1,45,174,0,44,34,191,0,14,21,21,41,57,646,2,44,0,3,2,0,32,8,1,2,0,4,0,0,0,1,0,10,3,0,1,1,44,0,0,1,1,12,23.0,5.0,2.1885,344.8999,0,137,18,8,0.4082,-0.5046
45064,11362,2014,106,0,202,3,1,28,111,0,32,9,126,0,14,17,17,32,39,449,2,12,0,0,0,0,23,5,0,1,0,4,0,0,0,0,0,6,3,0,0,0,12,0,0,1,1,0,12.0,5.0,-0.0761,31.3,0,86,0,1,-0.6599,-0.6771
45084,11363,2014,44,0,202,3,1,54,206,0,49,40,229,0,19,21,19,57,58,799,0,52,0,4,5,33,34,9,0,0,1,5,1,0,5,3,4,43,3,0,37,4,52,0,0,2,0,1,5.0,1.0,0.9954,472.2999,0,162,20,9,0.6829,0.9456
45153,11364,2014,47,0,202,3,1,35,149,0,51,17,158,0,7,19,19,46,37,547,0,36,0,2,7,12,38,7,0,2,0,6,0,0,0,1,0,26,3,0,16,4,36,0,0,4,0,3,14.0,6.0,-1.9813,315.0999,0,105,15,11,-0.314,-0.2314
45479,11370,2014,41,0,202,3,1,103,399,0,103,52,465,30,56,68,65,117,130,1636,0,32,14,5,8,0,68,15,4,3,2,18,1,0,0,5,3,7,7,4,0,0,18,0,0,3,1,0,11.0,2.0,-0.5071,404.7,0,309,1,1,-1.1787,-0.9734
45517,11371,2014,36,0,202,3,1,66,238,0,53,30,265,10,16,15,13,85,76,913,1,20,8,3,2,1,40,10,5,3,0,3,0,0,0,2,3,4,4,3,1,0,12,0,0,3,5,3,10.0,1.0,2.6123,330.6999,0,199,8,0,1.08,2.2137
45576,11372,2014,100,0,202,3,1,41,162,0,43,33,173,17,7,18,18,53,35,622,1,9,9,1,2,0,35,7,3,0,1,0,0,0,0,1,1,0,1,2,0,0,0,0,0,3,0,0,0.0,0.0,0.0565,163.9,0,124,0,0,1.7472,0.5758
46049,11380,2014,46,0,202,3,1,28,98,0,21,17,108,13,8,4,4,41,20,392,1,4,4,1,2,0,15,3,0,1,1,2,0,0,0,0,1,0,7,4,0,0,0,0,0,1,0,0,0.0,0.0,0.6042,92.4,0,85,0,0,0.5507,1.5926
46213,11383,2014,36,0,202,3,1,40,146,0,28,30,155,0,7,4,4,35,54,557,2,24,0,4,0,0,24,3,2,0,1,0,0,0,2,0,0,9,2,0,0,0,24,0,0,4,0,4,9.0,1.0,1.6631,177.5,0,122,11,2,1.4491,1.7843
46317,11390,2014,43,0,202,3,1,152,584,0,155,81,646,59,49,70,68,183,168,2283,1,27,27,9,11,0,111,21,4,6,6,17,0,0,0,5,3,0,15,12,0,0,0,0,0,17,5,0,0.0,0.0,0.8428,667.4001,0,457,0,0,1.4402,2.1511
46726,11397,2014,42,0,202,3,1,5,15,0,2,3,16,0,0,1,1,2,8,56,0,5,0,0,0,4,1,1,0,0,0,0,0,0,0,0,1,5,2,0,4,0,5,0,0,0,0,0,2.0,0.0,0.3055,19.9,0,15,2,0,0.1471,0.1842
46766,11398,2014,36,0,202,3,1,148,575,0,147,55,623,61,38,53,49,190,182,2101,2,25,25,11,8,0,109,24,4,4,8,6,0,0,0,7,2,0,10,16,0,0,0,1,1,22,4,0,0.0,0.0,1.7549,620.0997,0,446,0,0,2.7588,2.8194
46864,11399,2014,44,0,202,3,1,40,146,0,31,25,158,0,12,15,15,42,47,539,0,35,0,3,2,6,24,3,0,0,1,3,0,0,0,0,0,16,5,0,8,2,35,0,0,0,0,8,16.0,1.0,0.8209,221.9,0,120,14,5,0.4578,0.6234
46911,11401,2014,42,0,202,3,1,152,580,0,140,76,623,62,40,72,70,204,156,2146,0,25,25,5,13,0,95,26,0,1,2,17,0,0,0,1,2,0,8,14,0,0,0,1,1,14,6,0,0.0,0.0,0.1621,660.4006,0,456,0,0,1.8524,2.0166
47026,11404,2014,45,0,202,3,1,15,60,0,18,9,67,0,6,10,10,15,19,243,1,14,0,0,2,1,10,2,1,0,1,5,0,0,1,0,0,9,1,0,1,0,14,0,0,0,0,2,13.0,3.0,-0.1754,94.4,0,46,4,5,-0.5988,-0.3026
47054,11405,2014,40,0,202,3,1,33,129,0,34,24,152,0,23,10,10,35,36,571,2,28,0,2,0,0,24,8,0,0,0,2,0,0,0,3,0,11,5,0,0,0,28,0,0,0,1,2,19.0,6.0,1.122,126.0,0,101,6,0,-0.0875,0.5515
47762,11423,2014,37,0,202,3,1,13,57,0,20,9,64,0,5,10,10,16,13,215,0,13,0,0,3,7,15,4,0,1,0,1,0,0,1,2,1,10,1,0,8,1,13,0,0,1,0,0,0.0,0.0,-0.5985,163.0,0,39,5,3,0.1117,-0.9116
48040,11429,2014,39,0,202,3,1,84,302,0,71,54,342,33,32,38,35,94,84,1180,0,13,13,3,5,0,48,14,1,4,1,8,0,0,3,1,3,0,13,7,0,0,0,0,0,3,3,0,0.0,0.0,0.5864,347.0,0,252,0,0,0.9415,0.6277
48437,11439,2014,40,0,202,3,1,67,256,0,64,49,298,0,36,31,31,74,72,1066,1,60,0,6,10,24,43,11,2,2,1,9,0,0,3,1,2,34,5,0,28,4,60,0,0,0,1,4,8.0,2.0,0.7742,611.0998,0,202,28,13,-0.8942,-0.2805
48820,11450,2014,110,0,202,3,1,33,129,0,34,22,144,0,12,15,15,36,38,510,0,32,0,3,3,11,25,4,1,1,0,5,0,0,2,0,1,19,2,0,15,4,32,0,0,2,0,2,8.0,0.0,0.3321,285.7,0,99,16,4,-0.4375,-0.3914
49714,11465,2014,45,0,202,3,1,1,7,0,2,1,8,0,1,1,1,3,1,32,2,2,0,0,1,1,1,0,0,0,1,0,0,0,0,0,0,2,0,0,1,0,2,0,0,0,0,0,0.0,0.0,-0.265,14.6,0,5,0,1,0.0242,-0.0259
49892,11476,2014,45,0,202,3,1,23,106,0,37,14,120,0,14,19,19,27,28,418,2,25,0,2,6,9,28,3,0,0,0,6,0,0,2,2,0,14,1,0,13,4,25,0,0,1,1,2,7.0,6.0,-2.3171,270.0999,0,71,8,10,-1.0619,-1.2304
51414,11513,2014,110,0,202,3,1,26,92,0,17,10,107,0,13,3,3,37,30,398,2,27,0,2,0,1,14,1,0,2,0,2,0,0,2,0,0,8,3,0,3,2,27,0,0,4,0,7,20.0,7.0,0.7319,150.5,0,80,8,4,-0.2049,1.1881
51579,11519,2014,43,0,202,3,1,26,88,0,13,19,95,0,6,1,1,29,27,335,1,19,0,3,1,11,10,2,0,0,0,1,0,0,1,0,1,16,3,0,11,0,19,0,0,0,1,0,4.0,2.0,2.8096,186.0999,0,79,14,1,0.8281,2.0096
51975,11537,2014,43,0,202,3,1,41,157,0,35,23,171,0,11,14,14,58,43,586,2,35,0,3,3,21,22,8,2,0,1,4,0,0,4,0,1,28,0,0,22,1,35,0,0,1,1,0,8.0,0.0,2.728,355.3998,0,125,23,4,0.5316,1.1241
52213,11538,2014,39,0,202,3,1,78,298,0,77,31,345,33,41,41,41,94,97,1205,2,12,12,4,8,0,53,10,3,1,2,12,0,0,0,2,2,0,10,4,0,0,0,2,1,1,3,0,0.0,0.0,-0.924,338.2,0,236,0,0,-0.797,0.0071
52556,11547,2014,35,0,202,3,1,21,90,0,27,19,100,0,9,13,13,25,19,349,2,22,0,0,5,11,18,8,0,0,0,1,0,0,2,1,1,18,0,0,14,3,22,0,0,0,0,0,9.0,5.0,-0.7634,249.9,0,65,9,4,0.6455,-0.7633
52599,11549,2014,43,0,202,3,1,28,112,0,33,18,123,0,9,10,10,39,23,405,2,30,0,5,2,3,22,8,0,1,1,2,0,0,4,2,1,9,3,0,5,2,30,0,0,0,1,8,22.0,5.0,0.8093,241.4,0,86,14,7,0.595,0.6833
52646,11552,2014,45,0,202,3,1,68,274,0,77,34,298,26,22,36,32,87,74,1060,1,12,12,3,8,0,52,12,2,0,1,12,0,0,0,3,0,0,7,6,0,0,0,0,0,3,1,0,0.0,0.0,-0.5108,303.2999,0,205,0,0,0.0028,0.4739
57253,11671,2014,34,0,202,3,1,2,7,0,0,1,7,0,0,0,0,1,4,29,0,1,0,0,0,0,0,0,0,0,0,0,0,0,0,0,0,0,0,0,0,0,1,0,0,1,0,0,0.0,0.0,0.2754,18.3,0,6,1,0,0.1152,0.1966
57527,11674,2014,41,0,202,3,1,4,14,0,2,2,15,0,1,0,0,5,5,56,0,4,0,1,0,3,1,1,0,0,0,0,0,0,0,0,0,4,0,0,3,0,4,0,0,0,0,0,0.0,0.0,0.4594,35.7,0,12,3,0,0.144,0.3738
58250,11684,2014,36,0,202,3,1,105,403,0,93,64,439,41,31,29,25,139,102,1509,2,16,16,8,4,0,76,13,1,2,1,3,0,0,0,5,2,0,10,10,0,0,0,0,0,2,1,0,0.0,0.0,1.9393,476.3,0,317,0,0,2.7619,3.1391
60121,11727,2014,36,0,202,3,1,29,98,0,15,17,108,14,9,5,5,40,27,366,0,4,4,2,2,0,11,3,0,1,0,1,0,0,0,3,0,0,3,3,0,0,0,2,1,2,0,0,0.0,0.0,0.5554,92.6,0,87,0,0,0.7088,1.3104
72792,12192,2014,110,0,202,3,1,83,332,0,93,25,370,29,35,41,40,108,105,1210,2,13,13,4,5,0,76,10,1,1,1,6,0,0,8,4,1,0,7,9,0,0,0,1,0,11,4,0,0.0,0.0,-0.4425,403.2998,0,251,0,0,0.4731,-0.1253
75816,12271,2014,96,0,202,3,1,60,237,0,64,27,258,25,16,27,27,77,72,803,1,9,9,3,4,0,49,11,2,2,1,3,0,0,8,5,1,0,4,5,0,0,0,0,0,1,0,0,0.0,0.0,-0.0307,277.4998,0,181,0,0,1.389,0.5601
81386,12558,2014,106,0,202,3,1,17,75,0,24,6,85,0,8,13,11,24,21,295,2,9,0,1,0,0,20,3,0,2,0,1,0,0,1,1,0,0,1,0,0,0,9,0,0,2,1,0,8.0,4.0,-0.1671,58.8,0,53,1,2,-0.0624,-0.711
