id,player_id,year,team_id,game_id,league_id,level_id,split_id,position,ab,h,k,pa,pitches_seen,g,gs,d,t,hr,r,rbi,sb,cs,bb,ibb,gdp,sh,sf,hp,ci,wpa,stint,ubr,war
11239,3555,2001,58,0,203,4,1,0,141,40,24,180,783,52,32,7,0,9,29,35,0,0,33,1,5,6,0,0,0,1.1888,0,-0.9152,1.2872
11766,3585,2001,54,0,203,4,1,0,25,5,6,42,178,61,2,0,1,0,3,5,0,0,16,4,1,0,0,1,0,0.8826,0,0.4275,0.2857
11884,3597,2001,59,0,203,4,1,0,34,11,6,41,203,10,9,4,0,0,7,4,0,0,5,0,1,0,1,1,0,0.1399,0,0.4473,0.481
12185,3616,2001,58,0,203,4,1,0,249,72,29,293,1010,78,66,12,1,10,37,40,10,6,27,0,5,3,1,13,0,3.1263,0,1.0414,2.1201
12211,3619,2001,62,0,203,4,1,0,1,0,0,1,1,1,0,0,0,0,0,0,0,0,0,0,0,0,0,0,0,-0.0,0,0.0,-0.0234
12710,3648,2001,57,0,203,4,1,0,7,2,1,9,33,2,2,0,0,1,3,3,0,0,2,0,1,0,0,0,0,0.3435,0,0.3176,0.1551
14996,3882,2001,58,0,203,4,1,0,65,14,13,70,234,16,15,2,1,3,7,5,2,0,5,0,1,0,0,0,0,-0.8233,0,0.3704,0.2649
15531,3925,2001,58,0,203,4,1,0,8,1,0,11,40,8,1,1,0,0,4,1,1,1,3,0,0,0,0,0,0,0.1373,0,0.3991,0.0858
15544,3928,2001,50,0,203,4,1,0,24,6,5,28,109,15,5,1,0,2,3,7,0,0,2,0,1,1,0,1,0,0.4087,0,0.0,0.1826
15673,3934,2001,50,0,203,4,1,0,7,1,4,7,25,12,0,0,0,0,1,0,0,0,0,0,0,0,0,0,0,-0.0001,0,0.0,-0.0837
15681,3935,2001,55,0,203,4,1,0,110,19,27,126,459,28,28,7,0,3,15,15,0,0,13,0,1,0,1,2,0,-0.6338,0,-0.4994,-0.1324
15735,3944,2001,52,0,203,4,1,0,293,79,53,329,1115,74,72,13,1,9,53,38,3,6,21,0,7,5,1,9,0,-0.0206,0,4.2994,1.5462
15775,3948,2001,59,0,203,4,1,0,43,12,8,48,154,12,11,4,0,2,5,4,0,0,3,0,2,0,0,2,0,-0.3948,0,0.2875,0.211
16031,3952,2001,55,0,203,4,1,0,146,27,42,172,643,55,38,8,0,2,20,15,0,0,23,3,9,1,2,0,0,-1.4292,0,-0.2923,-0.5069
16179,3972,2001,63,0,203,4,1,0,476,98,122,578,2554,129,126,23,1,21,80,89,0,0,87,1,18,1,4,10,0,0.5353,0,-2.855,1.1376
16462,3987,2001,59,0,203,4,1,0,36,11,5,47,208,10,10,3,0,4,12,11,0,0,10,0,0,0,0,1,0,1.0175,0,-0.1687,0.6846
16504,3988,2001,62,0,203,4,1,0,94,24,21,117,497,44,19,3,2,6,21,22,0,2,18,0,2,0,1,4,0,0.3434,0,-0.0653,1.1066
16530,3989,2001,51,0,203,4,1,0,203,50,56,233,852,54,52,6,0,5,28,23,0,0,27,0,6,0,2,1,0,-0.389,0,-1.4098,0.3503
16599,3992,2001,58,0,203,4,1,0,234,56,72,288,1241,72,66,12,0,7,33,39,1,0,46,0,6,3,1,4,0,-0.1442,0,-1.6486,1.8299
16649,3995,2001,50,0,203,4,1,0,29,8,4,33,110,24,4,2,0,1,3,4,1,1,2,0,0,0,1,1,0,0.35,0,0.0196,0.0716
16793,4003,2001,57,0,203,4,1,0,85,22,24,93,296,35,20,3,0,0,1,4,0,0,6,1,2,0,0,2,0,-0.7668,0,-3.3442,-0.852
16988,4011,2001,55,0,203,4,1,0,26,7,5,31,102,16,5,2,0,1,3,8,0,0,2,0,2,0,0,3,0,-0.6102,0,0.1685,0.2104
17128,4014,2001,58,0,203,4,1,0,347,90,54,428,1809,105,87,14,0,14,62,63,1,1,71,2,9,1,7,2,0,1.1938,0,1.0651,2.5578
18150,4077,2001,59,0,203,4,1,0,24,5,5,27,105,5,5,1,0,0,4,1,1,0,2,0,1,0,0,1,0,-0.0888,0,-0.5182,-0.1938
18393,4097,2001,54,0,203,4,1,0,79,11,24,102,457,62,12,1,0,4,11,14,0,0,19,0,1,0,0,4,0,0.275,0,-1.6313,-0.1138
18615,4114,2001,59,0,203,4,1,0,124,30,29,155,571,38,34,3,0,4,24,14,2,1,26,1,1,1,0,4,0,-0.2186,0,-0.2672,0.9986
18904,4147,2001,55,0,203,4,1,0,10,3,2,13,38,9,1,0,0,1,3,3,0,0,2,0,0,0,1,0,0,-0.052,0,0.0175,0.1251
18978,4154,2001,52,0,203,4,1,0,172,34,55,240,1138,54,53,3,0,8,30,27,1,4,60,1,0,4,0,4,0,0.847,0,-2.1539,1.2339
20605,4256,2001,49,0,203,4,1,0,67,19,7,73,243,40,11,2,0,4,10,12,0,1,4,0,0,0,0,2,0,1.2322,0,0.9024,0.4493
20631,4264,2001,62,0,203,4,1,0,445,123,88,586,2664,131,116,24,2,16,95,77,0,1,121,6,13,0,3,17,0,3.1574,0,-6.5963,3.5077
20867,4284,2001,56,0,203,4,1,0,382,77,80,479,2060,109,108,6,1,11,59,41,8,7,87,1,8,0,5,5,0,-0.1258,0,4.3017,0.9858
20936,4288,2001,62,0,203,4,1,0,125,35,12,160,648,62,24,5,0,3,26,23,5,0,30,2,0,2,1,2,0,0.324,0,0.6887,0.7954
21092,4294,2001,58,0,203,4,1,0,83,21,19,103,450,29,24,3,0,4,18,12,3,0,19,0,4,0,1,0,0,-0.1265,0,0.022,1.0786
21340,4299,2001,50,0,203,4,1,0,17,5,3,20,88,5,4,0,0,1,5,3,0,0,3,0,0,0,0,0,0,0.0341,0,0.1378,0.3036
21364,4300,2001,64,0,203,4,1,0,0,0,0,0,0,7,0,0,0,0,0,0,0,0,0,0,0,0,0,0,0,0.0,1,0.0,0.0
21370,4302,2001,55,0,203,4,1,0,181,35,54,213,842,55,45,6,1,5,26,17,4,2,26,1,4,0,1,5,0,0.0125,0,0.9457,0.4183
21470,4305,2001,53,0,203,4,1,0,35,8,13,46,169,23,9,1,0,0,3,5,0,1,10,0,0,1,0,0,0,0.1139,0,0.2257,0.2378
21646,4308,2001,53,0,203,4,1,0,421,85,93,528,2225,127,122,13,1,9,66,45,2,4,96,1,7,6,3,2,0,-1.2776,0,-1.0671,1.1282
21722,4311,2001,64,0,203,4,1,0,0,0,0,0,0,2,0,0,0,0,0,0,0,0,0,0,0,0,0,0,0,0.0,1,0.0,0.0
21800,4319,2001,53,0,203,4,1,0,25,4,2,26,70,33,4,1,0,0,1,3,1,0,0,0,0,0,1,0,0,-0.5532,0,-0.8465,-0.3462
21810,4328,2001,58,0,203,4,1,0,348,95,53,429,1772,103,92,13,1,10,70,53,1,2,73,1,10,0,4,3,1,1.3583,0,-0.7148,2.858
21855,4331,2001,52,0,203,4,1,0,272,75,48,322,1213,77,75,20,0,8,42,55,0,0,40,0,9,1,6,3,0,-0.2958,0,-4.3497,0.7139
21863,4332,2001,54,0,203,4,1,0,167,36,28,210,935,95,28,7,0,3,20,20,2,1,36,1,1,6,1,0,0,0.2889,0,-1.8,0.5453
22237,4344,2001,50,0,203,4,1,0,85,15,20,104,375,40,22,2,0,3,20,13,0,2,13,1,1,2,1,3,0,0.0794,0,-0.4823,0.2011
22264,4347,2001,61,0,203,4,1,0,106,24,29,136,612,34,29,7,1,2,16,8,0,0,24,0,4,2,2,2,0,-0.4695,0,1.1437,0.8751
22496,4352,2001,55,0,203,4,1,0,225,55,43,292,1193,75,63,10,1,4,39,19,0,2,48,0,9,5,2,12,0,0.4636,0,0.0169,1.9169
22569,4357,2001,52,0,203,4,1,0,65,15,19,80,356,38,11,2,0,1,6,7,1,0,15,1,1,0,0,0,0,-0.2807,0,-0.0653,0.1682
22578,4358,2001,54,0,203,4,1,0,0,0,0,0,0,9,0,0,0,0,0,0,0,0,0,0,0,0,0,0,0,0.0,1,0.0,0.0
22592,4359,2001,58,0,203,4,1,0,383,103,37,444,1482,97,92,11,5,8,65,52,19,12,43,0,9,9,3,6,0,-0.2875,0,-0.7637,1.1019
22671,4362,2001,62,0,203,4,1,0,172,43,38,205,795,51,46,7,0,7,34,26,0,0,26,1,4,3,1,3,0,1.4633,0,-0.5837,0.741
22728,4365,2001,59,0,203,4,1,0,64,14,27,71,288,24,20,0,0,1,7,2,0,0,5,1,1,1,0,1,0,-0.6575,0,-0.9902,-0.4847
23240,4375,2001,60,0,203,4,1,0,175,43,22,199,645,67,41,10,1,2,20,22,3,1,19,1,1,3,1,1,0,-0.74,0,1.2683,0.3168
23257,4380,2001,61,0,203,4,1,0,197,55,37,253,989,60,56,14,0,7,38,39,0,0,44,3,6,1,3,8,0,2.1955,0,-0.4235,1.4893
23267,4383,2001,58,0,203,4,1,0,1,0,1,1,6,4,0,0,0,0,0,0,0,0,0,0,0,0,0,0,0,-0.0079,0,0.0,0.0114
23274,4383,2001,59,0,203,4,1,0,45,14,8,53,203,12,12,4,1,0,7,6,2,1,4,0,0,0,0,4,0,0.5472,1,0.3982,0.6398
23541,4385,2001,59,0,203,4,1,0,37,7,10,48,201,12,11,1,0,1,4,4,0,0,9,0,4,0,0,2,0,-0.34,0,-0.4397,0.1672
23565,4393,2001,54,0,203,4,1,0,0,0,0,0,0,17,0,0,0,0,0,0,0,0,0,0,0,0,0,0,0,0.0,1,0.0,0.0
23568,4400,2001,59,0,203,4,1,0,7,1,2,7,29,4,1,0,0,0,0,1,0,0,0,0,1,0,0,0,0,-0.0914,0,0.0,-0.0784
23591,4405,2001,59,0,203,4,1,0,32,13,4,40,164,10,9,1,0,3,7,11,0,2,5,0,0,0,1,2,0,0.9458,0,0.6036,0.4834
23603,4410,2001,59,0,203,4,1,0,35,9,8,49,156,10,10,0,1,2,8,10,1,2,5,0,0,3,3,3,0,0.3148,0,-0.3564,0.003
23943,4424,2001,62,0,203,4,1,0,391,80,60,452,1585,110,106,11,5,7,42,49,4,4,46,1,8,3,8,4,0,-1.8571,0,0.839,0.3399
24365,4430,2001,57,0,203,4,1,0,263,48,92,299,1162,82,67,6,0,5,13,20,2,0,32,0,5,0,0,4,0,-0.8629,0,-1.9703,-2.6868
24387,4434,2001,62,0,203,4,1,0,86,24,28,94,324,50,13,2,0,4,17,10,1,1,4,0,2,1,1,2,0,0.3155,0,0.4961,0.2963
24430,4447,2001,50,0,203,4,1,0,3,1,1,3,18,3,1,1,0,0,0,0,0,0,0,0,0,0,0,0,0,0.01,0,-0.259,0.0395
24442,4450,2001,55,0,203,4,1,0,20,7,2,24,82,13,3,0,0,2,3,5,0,0,4,0,0,0,0,0,0,0.2539,0,0.0239,0.4132
24845,4480,2001,61,0,203,4,1,0,51,13,5,54,170,30,5,1,0,1,8,4,0,1,3,0,0,0,0,0,0,-1.0961,0,0.7699,0.0485
25257,4492,2001,52,0,203,4,1,0,34,10,2,43,144,11,11,2,0,0,6,4,1,0,7,0,1,0,0,2,0,0.1423,0,-0.2575,0.6062
25400,4507,2001,58,0,203,4,1,0,93,30,23,108,392,36,21,3,0,4,14,21,0,1,13,2,1,0,1,1,0,0.9895,0,0.0779,0.8582
25642,4512,2001,56,0,203,4,1,0,373,84,89,461,1774,116,103,15,3,13,50,62,3,3,70,4,4,0,2,16,0,0.062,0,-2.5425,1.7766
25676,4515,2001,54,0,203,4,1,0,41,10,14,54,252,15,11,1,0,2,10,8,2,0,10,0,1,0,0,3,0,0.0722,0,-0.1579,0.5387
26060,4550,2001,53,0,203,4,1,0,13,2,4,19,79,15,3,0,0,1,2,3,0,0,4,0,0,0,1,1,0,-0.2429,0,-0.1807,0.0836
26075,4552,2001,57,0,203,4,1,0,278,52,76,296,978,80,69,10,1,6,21,16,2,4,15,1,7,0,1,2,0,-0.9183,0,-0.7003,-1.7846
26226,4556,2001,62,0,203,4,1,0,27,6,9,29,90,21,0,1,0,0,1,2,0,0,2,0,1,0,0,0,0,-0.0742,0,-0.5718,-0.0672
26403,4564,2001,57,0,203,4,1,0,110,22,30,123,427,32,30,3,0,5,11,13,1,0,11,1,2,0,1,1,0,0.6792,0,1.0266,0.0698
27014,4596,2001,61,0,203,4,1,0,242,54,46,273,972,68,65,7,0,7,31,43,0,0,24,1,7,0,5,2,0,-1.5667,0,1.326,0.4223
27829,4619,2001,54,0,203,4,1,0,145,43,17,174,735,95,23,9,0,7,23,21,0,0,23,3,3,3,0,3,0,2.0023,0,-0.7104,1.3034
28011,4625,2001,61,0,203,4,1,0,458,117,111,541,2050,120,120,22,1,8,57,61,0,3,62,5,11,2,5,14,0,0.5684,0,-0.7614,1.881
28073,4626,2001,55,0,203,4,1,0,160,49,32,201,831,55,42,9,1,6,32,28,2,2,38,0,2,0,2,1,0,0.9866,0,0.3569,2.1911
28347,4629,2001,49,0,203,4,1,0,2,1,0,2,4,2,0,0,0,0,0,0,0,0,0,0,0,0,0,0,0,0.0054,1,0.0,0.0926
28386,4632,2001,58,0,203,4,1,0,101,34,13,118,429,29,26,4,0,5,23,24,0,0,13,2,4,0,1,3,0,0.7266,0,-0.7794,1.3245
28483,4633,2001,53,0,203,4,1,0,117,32,25,134,489,35,35,5,0,5,15,17,0,0,13,0,5,3,0,1,0,-0.6103,0,0.0712,0.8889
28532,4634,2001,51,0,203,4,1,0,215,51,60,244,937,56,54,6,0,17,29,48,0,0,24,2,3,0,4,1,0,1.1769,0,-4.2998,0.1828
28642,4639,2001,50,0,203,4,1,0,114,31,17,150,635,61,23,7,0,2,17,20,1,2,28,0,3,1,0,7,0,1.4548,0,-1.1478,1.0374
28684,4640,2001,58,0,203,4,1,0,39,16,7,47,173,10,10,5,0,5,6,11,1,0,6,0,0,0,1,1,0,0.7983,0,-1.4411,1.1249
28947,4643,2001,54,0,203,4,1,0,13,3,6,13,49,30,0,3,0,0,5,0,0,0,0,0,1,0,0,0,0,-0.2871,0,-0.3224,-0.0212
28969,4644,2001,52,0,203,4,1,0,133,35,9,161,503,67,25,6,0,4,19,19,2,3,22,0,3,2,1,3,0,0.2528,0,1.0942,0.7502
28992,4645,2001,55,0,203,4,1,0,184,40,25,226,784,81,40,7,0,5,30,33,0,0,34,1,6,1,5,2,0,1.5167,0,0.3916,0.01
29209,4648,2001,64,0,203,4,1,0,422,130,80,511,2138,122,114,20,0,26,72,103,6,5,76,1,9,0,2,11,0,3.8659,0,-0.0782,4.3749
29249,4649,2001,57,0,203,4,1,0,21,6,4,27,115,27,0,2,0,0,2,2,0,0,6,0,2,0,0,0,0,0.2947,0,0.0017,0.2237
29265,4653,2001,61,0,203,4,1,0,485,130,79,606,2649,139,139,22,0,11,80,69,2,1,114,4,21,2,1,4,0,2.3817,0,-3.2859,2.5759
29340,4662,2001,57,0,203,4,1,0,199,38,56,229,876,61,53,7,0,5,16,26,0,0,21,0,9,2,3,4,0,-0.9848,0,-3.3846,-0.2841
29667,4671,2001,49,0,203,4,1,0,160,45,25,195,718,47,42,8,0,5,28,31,1,0,31,0,4,0,0,4,0,1.2271,0,-0.2375,1.5949
30000,4677,2001,57,0,203,4,1,0,31,13,3,38,113,10,9,3,0,1,6,4,0,0,4,0,1,3,0,0,0,0.3274,1,0.0239,0.242
30007,4678,2001,58,0,203,4,1,0,29,5,8,32,107,11,8,0,0,1,2,5,0,0,2,0,0,1,0,0,0,-0.2177,0,-1.3497,-0.2492
30197,4684,2001,49,0,203,4,1,0,44,10,15,55,183,23,12,0,1,1,6,4,0,0,8,0,2,0,1,2,0,-0.2937,0,-0.6128,0.2793
30498,4693,2001,50,0,203,4,1,0,316,77,94,385,1617,102,85,8,0,15,49,52,0,0,58,0,6,2,3,6,0,1.9926,0,-1.4872,1.1354
30605,4698,2001,54,0,203,4,1,0,59,13,12,69,289,39,9,0,0,1,9,6,0,0,9,0,0,0,0,1,0,-0.8094,0,0.0496,0.0677
30690,4699,2001,58,0,203,4,1,0,1,0,0,1,4,1,0,0,0,0,0,0,0,0,0,0,0,0,0,0,0,-0.0006,0,0.0,-0.021
30725,4702,2001,57,0,203,4,1,0,117,19,25,133,501,47,26,5,0,1,7,12,0,0,13,0,4,0,3,0,0,-0.8703,0,0.5755,-0.4839
30754,4704,2001,64,0,203,4,1,0,1,0,0,1,3,4,0,0,0,0,0,0,0,0,0,0,0,0,0,0,0,-0.0318,1,0.0,-0.1446
30758,4709,2001,62,0,203,4,1,0,254,55,79,294,1082,85,82,9,3,7,34,36,7,5,28,0,2,5,2,5,0,-0.7372,0,0.0115,0.3185
30867,4712,2001,58,0,203,4,1,0,100,30,16,113,389,46,24,8,0,2,24,20,6,2,11,0,2,0,2,0,0,-0.5329,0,1.8375,1.0815
31101,4724,2001,52,0,203,4,1,0,155,45,25,176,558,60,41,10,0,1,24,14,0,0,16,0,6,2,0,3,0,-0.0031,0,-4.1753,0.2354
31126,4732,2001,63,0,203,4,1,0,162,41,41,187,691,46,42,6,1,12,28,32,0,0,18,0,1,6,1,0,0,-0.0687,0,-0.3853,0.6124
31137,4736,2001,53,0,203,4,1,0,28,5,5,33,151,15,7,1,0,1,3,4,0,0,5,0,0,0,0,0,0,-0.0891,0,0.1177,-0.2513
31141,4737,2001,57,0,203,4,1,0,182,35,54,204,751,68,47,9,2,1,19,7,0,0,17,0,5,0,1,4,0,-0.8263,0,-1.0721,-1.4556
31402,4745,2001,54,0,203,4,1,0,1,0,0,1,3,2,0,0,0,0,0,0,0,0,0,0,0,0,0,0,0,-0.0002,0,0.0,-0.0422
31405,4749,2001,52,0,203,4,1,0,7,1,2,8,36,8,0,0,0,0,0,2,0,0,1,0,0,0,0,0,0,-0.04,0,0.0,-0.05
31420,4759,2001,63,0,203,4,1,0,483,119,142,560,2149,131,122,20,2,18,78,65,5,4,73,3,3,0,1,3,0,0.7687,0,-3.9997,2.3683
31550,4784,2001,54,0,203,4,1,0,0,0,0,0,0,7,0,0,0,0,0,0,0,0,0,0,0,0,0,0,0,0.0,0,0.0,0.0
31773,4788,2001,50,0,203,4,1,0,182,53,33,214,782,51,45,9,1,13,31,35,0,0,31,2,4,0,1,0,0,1.8487,0,-0.7114,1.9078
31799,4789,2001,62,0,203,4,1,0,449,130,76,559,2295,121,117,26,2,25,83,113,0,0,96,1,16,0,7,7,0,4.0482,0,0.202,4.92
32046,4793,2001,59,0,203,4,1,0,24,8,2,28,102,7,6,0,1,0,5,2,1,2,4,0,0,0,0,0,0,0.1467,0,-0.4712,-0.0444
32150,4795,2001,52,0,203,4,1,0,41,14,11,46,148,12,11,2,0,0,4,2,0,0,5,0,0,0,0,0,0,0.2437,0,-1.4547,0.1653
32175,4796,2001,53,0,203,4,1,0,0,0,0,0,0,4,0,0,0,0,0,0,0,0,0,0,0,0,0,0,0,0.0,1,0.0,0.0
32183,4798,2001,57,0,203,4,1,0,6,1,3,7,36,8,0,0,0,0,0,0,0,0,1,0,0,0,0,0,0,-0.0019,0,-0.5725,-0.0808
32295,4802,2001,50,0,203,4,1,0,1,1,0,3,19,7,0,0,0,1,2,2,0,0,2,0,0,0,0,0,0,0.1196,0,-0.3457,0.0612
32304,4809,2001,62,0,203,4,1,0,445,118,103,596,3013,129,120,22,2,17,105,61,1,4,141,2,4,1,3,6,0,3.989,0,-0.5055,5.9072
32365,4815,2001,57,0,203,4,1,0,43,7,11,53,215,43,2,1,0,1,5,3,0,0,8,1,3,0,0,2,0,-0.0305,0,0.0521,-0.0742
32400,4817,2001,53,0,203,4,1,0,120,22,39,140,556,53,32,4,0,2,10,11,0,0,19,0,5,0,0,1,0,-0.9029,0,-1.43,0.204
32446,4819,2001,62,0,203,4,1,0,70,13,19,80,299,29,18,5,0,0,7,6,0,0,7,0,2,0,0,3,0,-0.7933,0,0.4562,-0.1495
32472,4820,2001,62,0,203,4,1,0,23,2,11,30,133,19,6,0,0,0,5,0,0,0,7,0,1,0,0,0,0,-0.2548,0,0.2193,-0.0566
32530,4822,2001,52,0,203,4,1,0,10,1,3,14,59,14,1,0,0,0,0,0,0,0,3,1,0,0,0,1,0,-0.4117,0,0.0,-0.0805
32535,4822,2001,58,0,203,4,1,0,0,0,0,0,0,1,0,0,0,0,0,0,0,0,0,0,0,0,0,0,0,0.0,1,0.0,0.0
32536,4822,2001,50,0,203,4,1,0,8,3,1,8,29,6,1,1,0,0,0,1,0,0,0,0,0,0,0,0,0,0.0569,2,0.0,0.0676
32587,4826,2001,57,0,203,4,1,0,2,1,0,5,19,5,0,0,0,0,0,2,0,0,2,0,0,0,0,1,0,0.3968,0,-0.7091,0.0625
32608,4831,2001,58,0,203,4,1,0,200,71,29,253,951,60,55,12,0,8,46,38,0,4,41,0,8,3,1,8,0,1.4458,0,-2.3082,2.741
32776,4838,2001,57,0,203,4,1,0,217,26,72,267,1140,99,51,4,0,1,12,7,0,1,40,0,5,4,2,4,0,-1.8441,0,0.1089,-2.7562
32896,4848,2001,59,0,203,4,1,0,165,45,41,196,796,51,42,9,0,5,26,25,2,1,28,1,3,0,2,1,0,0.9531,0,-0.1342,1.1231
33150,4853,2001,56,0,203,4,1,0,58,11,15,65,255,24,11,0,1,1,8,7,1,0,6,0,2,0,1,0,0,-0.2024,0,0.9522,-0.1611
33166,4854,2001,50,0,203,4,1,0,82,18,21,100,374,38,27,4,0,1,7,4,0,1,14,0,3,0,0,4,0,-0.5272,0,-1.0998,0.2444
33235,4861,2001,56,0,203,4,1,0,5,3,1,6,19,5,0,0,0,1,1,5,0,0,1,0,0,0,0,0,0,0.003,0,0.0,0.2834
33239,4862,2001,64,0,203,4,1,0,1,0,1,2,12,4,0,0,0,0,1,0,0,0,1,0,0,0,0,0,0,-0.0719,1,0.0,0.101
33576,4882,2001,57,0,203,4,1,0,95,31,21,112,434,30,23,6,0,3,13,8,2,0,11,0,6,2,2,2,0,0.0003,0,-1.2996,0.8617
34041,4907,2001,64,0,203,4,1,0,366,99,85,431,1629,118,97,17,1,15,59,64,0,3,53,1,4,0,5,7,0,1.6439,0,-0.9083,2.0159
34237,4915,2001,55,0,203,4,1,0,53,17,12,65,252,28,11,1,0,2,12,5,0,0,11,1,3,0,0,1,0,0.0719,0,0.5121,0.557
34379,4929,2001,63,0,203,4,1,0,398,87,104,470,1756,124,103,11,1,22,56,81,0,1,63,1,4,0,6,3,0,1.2862,0,1.1245,2.2441
34659,4947,2001,59,0,203,4,1,0,37,11,5,47,162,10,10,1,0,2,6,6,1,2,9,0,1,0,0,1,0,0.0426,0,1.2773,0.8511
34672,4949,2001,62,0,203,4,1,0,438,105,113,533,2199,125,117,17,3,26,80,108,1,1,76,0,5,0,9,10,0,0.8933,0,-2.995,2.1061
34690,4952,2001,53,0,203,4,1,0,2,1,0,3,4,4,0,0,0,0,0,0,0,0,0,0,0,1,0,0,0,-0.0314,1,0.0,-0.1577
34693,4953,2001,64,0,203,4,1,0,0,0,0,0,0,5,0,0,0,0,0,0,0,0,0,0,0,0,0,0,0,0.0,1,0.0,0.0
34947,4965,2001,58,0,203,4,1,0,421,117,92,477,1680,115,106,16,4,13,67,80,11,17,46,2,2,0,2,6,2,1.0206,0,-5.1614,1.593
34984,4969,2001,61,0,203,4,1,0,208,48,55,253,1006,70,52,5,1,6,29,34,6,1,39,0,1,0,1,5,0,0.7826,0,1.2326,1.3865
35001,4985,2001,55,0,203,4,1,0,62,20,8,71,226,17,15,2,0,7,14,13,2,0,7,0,0,0,0,2,0,0.6247,0,-0.4455,1.0045
35065,4987,2001,50,0,203,4,1,0,352,91,53,445,1702,106,95,13,1,20,64,80,0,1,70,1,3,6,5,12,0,3.129,0,-1.4827,4.2731
35082,4988,2001,53,0,203,4,1,0,291,71,78,362,1659,91,81,18,2,11,46,44,0,7,65,1,1,0,2,4,0,1.097,0,1.2875,2.471
35352,4991,2001,60,0,203,4,1,0,165,54,21,195,670,43,43,10,1,7,27,33,1,1,26,1,1,0,1,3,0,2.2598,0,-0.1485,1.5916
35439,4993,2001,54,0,203,4,1,0,173,33,32,217,952,60,48,5,0,6,28,24,0,0,38,0,6,0,2,4,0,0.1689,0,-0.7535,0.9057
35678,4996,2001,55,0,203,4,1,0,267,65,44,320,1134,71,69,11,3,6,38,33,5,8,43,0,5,0,4,6,0,0.1265,0,0.5294,1.0283
35748,4997,2001,58,0,203,4,1,0,417,117,46,507,1941,113,99,22,2,7,75,60,17,21,76,7,1,8,4,2,0,1.2381,0,2.7214,2.7104
35761,4998,2001,58,0,203,4,1,0,189,50,46,241,883,74,44,11,4,5,39,32,13,9,33,4,2,5,1,13,0,2.0154,0,1.0043,1.258
35778,4999,2001,54,0,203,4,1,0,55,7,16,67,239,36,12,0,0,1,4,7,0,0,7,0,1,0,3,2,0,-0.1068,0,-1.0885,-0.4701
35832,5000,2001,51,0,203,4,1,0,50,5,12,58,234,14,14,0,0,1,4,2,0,0,7,0,2,0,1,0,0,-0.5524,0,0.2277,-0.754
35972,5003,2001,53,0,203,4,1,0,320,90,62,385,1391,96,81,22,4,7,56,44,4,4,46,2,8,4,0,15,0,1.383,0,-1.2189,2.3583
36096,5005,2001,64,0,203,4,1,0,463,107,99,526,1879,129,112,22,3,5,61,56,1,4,54,1,11,0,1,8,0,-0.9519,0,-4.1422,-1.1433
36175,5011,2001,57,0,203,4,1,0,2,0,1,2,5,3,0,0,0,0,0,0,0,0,0,0,0,0,0,0,0,-0.0401,1,0.0,0.0226
36199,5012,2001,56,0,203,4,1,0,130,33,36,151,585,36,36,3,1,2,16,16,1,0,19,0,6,0,1,1,0,-0.9637,0,1.4175,0.826
36282,5015,2001,54,0,203,4,1,0,357,74,103,399,1386,129,121,5,5,12,42,38,5,6,34,1,6,2,1,5,0,-1.3328,0,-1.7185,2.7436
36652,5022,2001,49,0,203,4,1,0,127,46,25,141,471,38,30,4,2,6,28,21,3,2,8,1,2,2,2,2,0,0.6255,0,2.0077,1.6272
36675,5023,2001,49,0,203,4,1,0,524,126,132,582,2040,137,131,20,4,18,75,79,7,11,41,1,8,2,6,8,1,-0.5398,0,3.0861,0.3424
36958,5029,2001,63,0,203,4,1,0,87,28,22,102,356,53,13,5,1,3,13,22,0,0,11,1,0,0,2,2,0,1.4786,0,-1.4749,0.48
37220,5033,2001,51,0,203,4,1,0,191,57,35,238,961,55,52,10,3,10,43,36,2,3,38,0,5,0,3,6,0,1.6438,0,0.1336,2.481
37414,5035,2001,51,0,203,4,1,0,165,40,52,201,817,46,43,3,1,4,26,9,1,1,28,0,2,2,1,5,0,-0.7345,0,-0.285,1.2215
37649,5041,2001,53,0,203,4,1,0,156,29,35,180,694,52,49,5,3,3,19,13,0,0,19,0,2,2,0,3,0,-0.2829,0,-0.4096,-0.1892
37806,5043,2001,49,0,203,4,1,0,427,120,93,522,1980,129,116,22,1,11,72,56,7,6,69,0,6,7,5,14,0,1.3474,0,2.1117,3.1047
37857,5044,2001,55,0,203,4,1,0,39,8,14,50,209,17,12,2,1,2,10,6,0,0,11,0,0,0,0,0,0,0.1622,0,0.4935,0.4067
37915,5048,2001,58,0,203,4,1,0,290,78,51,366,1565,81,75,15,1,9,54,47,9,2,69,3,3,0,3,4,0,1.201,0,0.8983,2.8548
37973,5049,2001,60,0,203,4,1,0,381,110,59,456,1642,125,102,17,0,29,62,75,2,0,62,7,18,1,4,8,0,1.8016,0,-4.931,2.0419
38012,5050,2001,54,0,203,4,1,0,4,0,1,4,19,3,0,0,0,0,0,0,0,0,0,0,1,0,0,0,0,0.0161,0,0.0,-0.0433
38071,5053,2001,53,0,203,4,1,0,22,4,3,29,133,23,1,2,0,0,3,2,0,0,4,0,1,3,0,0,0,-0.1939,0,0.1166,-0.0563
38263,5054,2001,53,0,203,4,1,0,254,55,44,309,1144,76,71,9,2,4,45,28,1,1,42,0,9,7,0,6,0,-0.2656,0,2.5034,0.5488
38293,5056,2001,54,0,203,4,1,0,482,123,122,577,2315,136,126,34,2,27,94,106,10,16,81,1,4,1,8,4,1,4.4377,0,0.96,3.5531
38329,5059,2001,55,0,203,4,1,0,161,40,36,186,713,44,43,7,0,5,25,20,0,1,22,0,3,0,1,2,0,0.0797,0,-2.1929,0.3611
38362,5061,2001,56,0,203,4,1,0,289,62,75,335,1253,87,82,15,2,7,47,37,4,4,38,0,5,0,6,2,0,-1.0057,0,-1.8503,0.7514
38431,5064,2001,58,0,203,4,1,0,168,47,36,205,757,55,50,11,0,6,26,40,0,2,25,0,7,4,1,7,0,0.7031,0,-2.9879,0.289
38480,5066,2001,63,0,203,4,1,0,1,0,0,1,2,1,0,0,0,0,0,0,0,0,0,0,0,0,0,0,0,-0.0002,0,0.0,-0.0228
38583,5069,2001,49,0,203,4,1,0,95,22,15,107,379,45,21,2,0,1,8,10,1,2,7,0,2,3,0,2,0,-0.4541,0,-1.1533,-0.4166
38686,5072,2001,63,0,203,4,1,0,38,8,14,43,161,28,0,1,0,0,8,1,1,0,4,1,0,0,1,0,0,-0.3558,0,-0.2612,-0.325
38723,5073,2001,64,0,203,4,1,0,454,126,82,610,2851,131,128,15,2,23,105,81,1,2,138,0,7,5,5,8,0,4.2529,0,-3.349,4.7947
38927,5077,2001,55,0,203,4,1,0,121,42,24,152,552,44,36,14,3,3,21,26,1,3,25,0,2,5,0,1,0,1.7583,0,-0.9489,1.4304
39017,5082,2001,63,0,203,4,1,0,357,79,85,449,1747,119,110,16,2,4,59,51,0,0,70,1,3,7,1,14,0,0.6766,0,-0.1268,2.0932
39048,5084,2001,50,0,203,4,1,0,14,2,3,17,72,18,0,1,0,0,1,2,0,0,3,0,1,0,0,0,0,0.0694,0,0.0,-0.15
39058,5095,2001,51,0,203,4,1,0,39,10,8,46,162,14,11,2,0,4,6,7,0,0,6,0,3,0,0,1,0,0.0108,0,0.247,0.6293
39163,5100,2001,60,0,203,4,1,0,14,1,4,18,75,23,0,0,0,0,3,0,0,0,3,0,0,0,0,1,0,-0.0059,0,0.2247,0.0112
39319,5115,2001,55,0,203,4,1,0,14,0,5,17,68,23,2,0,0,0,1,0,0,0,3,0,1,0,0,0,0,-0.3206,0,0.0,-0.1871
39337,5116,2001,55,0,203,4,1,0,30,5,14,35,144,34,0,2,0,1,3,4,0,0,4,0,1,1,0,0,0,-0.8754,0,0.0,0.0192
39355,5117,2001,58,0,203,4,1,0,270,51,69,319,1215,72,71,7,0,8,36,34,0,0,42,1,12,3,2,2,0,-0.6315,0,-2.4003,0.4944
39422,5120,2001,56,0,203,4,1,0,33,7,12,43,179,18,11,1,1,0,5,4,0,0,8,0,1,1,0,1,0,0.0016,0,-0.4106,-0.0294
39432,5121,2001,64,0,203,4,1,0,474,119,89,587,2255,122,119,19,5,15,93,56,21,22,87,0,8,8,4,14,0,1.2173,0,0.1829,2.962
39588,5127,2001,52,0,203,4,1,0,153,33,27,182,678,66,34,8,0,8,22,29,0,0,16,1,6,2,2,9,0,-0.057,0,-2.1686,0.0492
40130,5134,2001,64,0,203,4,1,0,93,30,12,107,330,38,21,4,0,2,11,11,1,4,8,0,4,4,0,2,0,-0.0609,0,-0.7443,-0.8805
40227,5137,2001,57,0,203,4,1,0,110,18,28,125,482,29,28,2,0,1,10,10,2,2,10,0,4,0,0,5,0,-0.9411,0,-0.3511,-0.3855
40563,5139,2001,50,0,203,4,1,0,362,84,76,437,1776,111,86,16,7,8,61,25,14,7,65,0,5,0,0,10,0,0.093,0,1.1783,2.7799
40597,5142,2001,53,0,203,4,1,0,31,7,5,42,141,39,2,2,0,2,5,11,0,0,6,0,1,0,4,1,0,1.1939,0,0.184,0.2331
40630,5149,2001,50,0,203,4,1,0,76,18,19,97,387,25,24,1,1,4,12,12,0,0,16,0,2,2,2,1,0,0.3389,0,-0.7655,0.5473
40656,5153,2001,56,0,203,4,1,0,275,62,40,339,1306,83,72,9,0,21,57,60,7,4,51,1,7,1,3,9,0,0.0816,0,-4.252,1.3219
40734,5159,2001,55,0,203,4,1,0,67,15,16,73,260,19,19,3,0,0,7,14,0,1,5,0,1,1,0,0,0,-0.4599,0,-0.9212,-0.2143
40906,5167,2001,50,0,203,4,1,0,147,40,30,171,647,44,37,9,1,2,24,21,2,2,20,1,1,2,1,1,0,-0.1882,0,3.1641,1.0484
40994,5171,2001,55,0,203,4,1,0,78,18,17,99,367,30,23,2,0,1,9,11,0,0,19,0,2,0,1,1,0,-0.0877,0,-0.2854,0.4019
41008,5173,2001,64,0,203,4,1,0,0,0,0,0,0,2,0,0,0,0,0,0,0,0,0,0,0,0,0,0,0,0.0,1,0.0,0.0
41012,5175,2001,56,0,203,4,1,0,65,18,19,77,273,25,20,1,0,2,11,16,0,0,9,0,1,1,1,1,0,0.8909,0,-0.4366,0.476
41185,5195,2001,51,0,203,4,1,0,197,18,71,230,872,67,58,2,0,4,9,23,0,0,26,0,4,0,0,7,0,-1.4923,0,-1.3144,-2.1284
41198,5196,2001,63,0,203,4,1,0,64,14,16,68,219,22,15,1,0,2,10,6,0,0,4,0,2,0,0,0,0,-0.1485,0,0.2538,-0.2415
41207,5199,2001,55,0,203,4,1,0,16,4,5,21,66,17,1,0,1,0,3,3,0,0,3,1,0,0,1,1,0,0.15,0,0.2881,0.1134
41298,5202,2001,57,0,203,4,1,0,47,4,10,56,166,26,14,1,0,1,3,3,0,0,4,0,0,5,0,0,0,-0.5482,0,0.0661,-1.0816
41446,5210,2001,59,0,203,4,1,0,53,15,15,57,204,50,5,3,0,1,5,8,0,0,3,0,0,0,0,1,0,-0.1486,0,0.0379,0.0474
41481,5211,2001,64,0,203,4,1,0,0,0,0,0,0,6,0,0,0,0,0,0,0,0,0,0,0,0,0,0,0,0.0,1,0.0,0.0
41820,5230,2001,52,0,203,4,1,0,111,23,28,126,408,42,33,1,0,2,17,17,1,1,9,0,2,5,0,1,0,-0.3355,0,0.6799,0.0513
41914,5241,2001,60,0,203,4,1,0,383,99,100,450,1606,115,96,31,1,6,43,39,0,0,50,0,6,1,3,13,0,0.9054,0,-5.5433,0.4607
41951,5247,2001,54,0,203,4,1,0,56,15,5,67,208,60,4,4,0,2,8,9,0,1,9,1,0,0,1,1,0,-0.1192,0,-1.4368,0.2685
42312,5263,2001,49,0,203,4,1,0,296,60,86,350,1372,85,76,8,1,4,41,19,10,7,42,1,5,5,1,6,0,-1.0976,0,-1.1259,-0.4065
42374,5267,2001,64,0,203,4,1,0,0,0,0,0,0,6,0,0,0,0,0,0,0,0,0,0,0,0,0,0,0,0.0,1,0.0,0.0
42623,5276,2001,53,0,203,4,1,0,307,80,74,355,1284,101,84,17,2,5,29,34,1,1,36,0,14,6,2,4,0,-1.5985,0,-3.6516,0.9474
42733,5279,2001,61,0,203,4,1,0,7,1,2,8,30,9,0,0,0,0,1,0,0,0,1,0,1,0,0,0,0,-0.0356,0,0.0568,-0.0272
42795,5287,2001,50,0,203,4,1,0,294,63,71,342,1218,106,82,17,1,6,37,39,1,1,33,1,5,7,1,7,0,0.4198,0,3.0112,0.5919
42842,5289,2001,50,0,203,4,1,0,6,1,3,8,29,9,0,0,0,0,0,0,0,0,2,0,0,0,0,0,0,-0.0017,0,0.0,0.0071
42856,5291,2001,49,0,203,4,1,0,150,43,30,185,796,45,42,12,0,7,25,31,1,0,33,1,4,0,1,1,0,0.6679,0,-2.1791,1.6676
43129,5295,2001,54,0,203,4,1,0,20,3,4,33,157,34,0,1,0,0,3,0,0,0,13,1,0,0,0,0,0,-0.1074,0,0.0598,0.1999
43142,5296,2001,63,0,203,4,1,0,446,133,76,532,1959,129,109,24,1,13,72,63,0,0,73,7,19,0,2,11,0,1.8843,0,-3.7382,3.743
43341,5303,2001,49,0,203,4,1,0,379,77,99,437,1564,135,126,6,0,3,40,33,6,11,40,0,7,9,0,9,0,-0.9522,0,-1.9828,0.2438
43473,5304,2001,49,0,203,4,1,0,232,52,45,280,1022,65,60,9,1,13,33,34,8,6,33,0,3,4,2,9,0,0.5713,0,1.2699,1.1217
43682,5312,2001,58,0,203,4,1,0,30,7,7,39,140,18,6,2,0,2,6,11,0,0,7,1,0,1,1,0,0,-0.157,0,-2.044,-0.0548
43689,5313,2001,59,0,203,4,1,0,175,50,50,203,748,74,36,7,1,2,27,19,2,2,24,1,2,1,0,3,0,-1.0622,0,-0.3857,0.8968
43707,5314,2001,54,0,203,4,1,0,5,3,0,7,30,13,0,1,0,0,0,3,0,0,2,0,1,0,0,0,0,0.4797,0,0.022,0.2219
44026,5318,2001,62,0,203,4,1,0,22,5,7,23,87,19,0,0,1,0,0,4,0,0,1,1,0,0,0,0,0,-0.1701,0,0.0,-0.0987
44265,5331,2001,62,0,203,4,1,0,36,10,10,39,146,15,10,4,0,1,5,3,0,0,1,0,1,0,1,1,0,0.0238,0,-0.9714,0.0256
44382,5334,2001,53,0,203,4,1,0,440,124,117,485,1655,128,109,19,4,18,60,83,1,4,29,2,7,0,4,12,0,1.785,0,3.4364,1.9643
44398,5336,2001,62,0,203,4,1,0,143,35,35,182,774,49,39,7,0,6,26,27,1,2,33,1,1,1,0,5,0,0.2343,0,3.3011,1.8194
44569,5346,2001,64,0,203,4,1,0,43,7,11,58,211,40,4,3,0,0,4,5,5,1,13,0,1,1,0,1,0,-0.4004,0,-0.1171,0.0086
44632,5347,2001,64,0,203,4,1,0,267,40,102,293,1093,76,76,3,0,4,18,22,0,0,20,0,6,0,1,5,0,-3.125,0,-3.3388,-2.5444
44760,5351,2001,51,0,203,4,1,0,324,46,116,359,1315,97,97,4,0,7,24,23,0,0,22,0,12,0,2,11,0,-2.2667,0,-2.5091,-4.1142
45450,5373,2001,51,0,203,4,1,0,192,41,44,206,666,53,52,4,1,3,12,14,0,0,13,0,5,1,0,0,0,-1.1371,0,-0.4423,-1.6292
45490,5377,2001,50,0,203,4,1,0,170,30,40,223,931,57,51,5,0,5,21,22,2,3,41,0,3,4,2,6,0,-0.9136,0,-0.6314,0.5076
45536,5379,2001,57,0,203,4,1,0,39,8,13,44,144,12,12,1,0,1,5,4,0,0,2,0,0,2,1,0,0,0.4809,1,0.0,-0.2324
45693,5382,2001,49,0,203,4,1,0,116,35,28,135,500,43,31,7,0,7,19,28,0,0,16,1,1,0,0,3,0,1.3701,0,-1.4356,1.5114
46146,5393,2001,49,0,203,4,1,0,469,103,115,559,2069,132,126,12,3,10,63,81,12,10,75,2,4,0,9,6,0,0.0146,0,2.715,2.0826
46184,5400,2001,51,0,203,4,1,0,71,18,23,76,278,22,18,2,0,1,8,1,0,0,5,0,3,0,0,0,0,-0.2915,0,0.3542,-0.1087
46199,5401,2001,61,0,203,4,1,0,395,93,116,480,1793,122,121,20,1,12,56,53,1,3,68,0,8,3,3,11,0,0.4444,0,-8.188,2.4401
46398,5408,2001,59,0,203,4,1,0,193,41,62,221,758,71,67,5,0,3,12,31,1,0,19,1,2,3,1,5,0,-0.134,0,-1.5671,-0.9351
46573,5413,2001,50,0,203,4,1,0,320,70,86,386,1469,94,93,6,1,5,44,26,7,6,54,0,10,3,2,7,0,-0.48,0,3.3339,2.1722
46597,5415,2001,53,0,203,4,1,0,5,0,3,6,23,11,0,0,0,0,0,0,0,0,1,0,0,0,0,0,0,-0.1376,1,0.0,-0.0725
46640,5416,2001,58,0,203,4,1,0,42,10,10,47,156,14,11,3,0,1,9,5,1,1,4,0,1,0,0,1,0,-0.3603,0,0.9377,0.2167
46792,5426,2001,55,0,203,4,1,0,114,21,41,130,484,34,33,4,0,1,11,13,0,0,11,0,5,0,1,4,0,-0.9613,0,-0.9125,-0.8308
47061,5430,2001,63,0,203,4,1,0,400,108,95,484,1762,111,100,20,3,11,73,46,6,6,61,2,5,8,3,12,0,0.4825,0,-1.6582,1.0422
47124,5433,2001,55,0,203,4,1,0,2,1,0,3,9,3,0,0,0,0,0,1,0,0,0,0,1,0,0,1,0,0.0291,0,0.0,0.0646
47148,5434,2001,60,0,203,4,1,0,173,32,37,205,707,70,36,8,1,0,16,19,0,1,27,1,1,0,2,3,0,-0.5842,0,1.3152,0.0994
47236,5437,2001,50,0,203,4,1,0,165,36,56,183,678,77,57,2,0,1,12,9,3,0,11,0,4,3,1,3,0,-1.4,0,-0.8965,-0.315
47308,5442,2001,64,0,203,4,1,0,295,80,74,346,1270,104,70,16,2,10,52,51,9,3,40,3,4,5,1,5,0,0.5319,0,3.4602,2.6968
47559,5456,2001,52,0,203,4,1,0,92,24,20,112,395,64,32,4,0,1,5,11,1,0,12,0,3,4,2,2,0,-0.2347,0,1.1211,0.8216
47574,5458,2001,51,0,203,4,1,0,167,34,30,207,808,47,41,9,1,0,19,11,3,6,31,0,4,7,0,2,0,-0.6654,0,1.3594,-0.5132
47654,5463,2001,60,0,203,4,1,0,461,101,98,551,1975,131,130,12,10,2,55,31,10,4,65,2,10,15,2,8,0,-2.1621,0,-2.3476,-0.7635
47676,5465,2001,64,0,203,4,1,0,0,0,0,0,0,4,0,0,0,0,0,0,0,0,0,0,0,0,0,0,0,0.0,1,0.0,0.0
47694,5469,2001,59,0,203,4,1,0,222,48,54,258,943,76,58,9,0,3,24,36,0,0,26,1,8,0,3,7,0,-0.5295,0,0.2661,0.638
47910,5474,2001,57,0,203,4,1,0,7,1,2,8,22,6,1,0,0,1,1,1,0,0,0,0,0,1,0,0,0,0.118,1,0.0,-0.1248
47920,5478,2001,54,0,203,4,1,0,13,6,3,14,44,20,0,1,0,1,2,4,0,0,0,0,0,0,1,0,0,0.1428,0,0.4781,0.2344
47936,5479,2001,50,0,203,4,1,0,44,11,11,51,197,14,12,1,0,0,4,6,0,0,6,0,3,0,0,1,0,0.2177,0,0.3007,0.0149
47970,5480,2001,52,0,203,4,1,0,414,100,98,511,2053,116,109,18,0,14,63,63,0,0,91,3,6,0,4,2,0,1.051,0,-9.9743,1.9784
48028,5482,2001,52,0,203,4,1,0,150,28,29,179,606,58,40,7,0,5,15,22,0,0,25,1,12,0,1,3,0,-0.987,0,-1.4661,0.1492
48088,5484,2001,55,0,203,4,1,0,69,13,17,91,315,34,18,2,1,3,15,13,1,0,17,0,2,0,1,4,0,0.5727,0,-0.6605,0.3502
48280,5485,2001,60,0,203,4,1,0,274,65,77,302,1077,80,71,7,2,7,31,42,1,3,25,2,3,0,1,2,0,-0.9822,0,2.0739,0.4493
48362,5488,2001,63,0,203,4,1,0,137,39,32,152,552,58,26,9,0,4,20,22,0,0,12,1,4,0,2,0,1,0.106,0,-1.5028,0.3236
48390,5490,2001,55,0,203,4,1,0,1,1,0,2,9,1,0,0,0,0,1,1,0,0,1,0,0,0,0,0,0,0.0001,0,0.0,0.1281
48392,5491,2001,55,0,203,4,1,0,303,66,77,324,1089,86,84,11,1,12,40,44,0,1,19,0,13,0,1,1,0,-1.2536,0,0.7287,-0.0184
48429,5492,2001,55,0,203,4,1,0,44,5,10,53,188,35,8,0,0,0,2,1,2,0,4,0,0,2,1,2,0,-0.6633,0,-0.3855,-0.6265
48452,5493,2001,53,0,203,4,1,0,25,4,5,29,90,22,3,0,0,2,4,4,0,0,4,1,1,0,0,0,0,0.1861,0,-0.4144,-0.322
48543,5495,2001,64,0,203,4,1,0,283,77,51,333,1265,81,76,11,3,10,45,49,10,4,42,1,3,0,5,3,0,-0.2692,0,0.8787,1.2528
48721,5500,2001,59,0,203,4,1,0,80,24,20,88,265,77,1,6,0,1,10,14,0,0,5,2,1,2,0,1,0,0.9543,0,1.0563,0.2791
48736,5501,2001,61,0,203,4,1,0,234,54,69,274,986,82,64,9,0,4,32,24,8,4,33,2,5,4,0,3,0,-0.5129,0,-0.9953,0.5171
48820,5505,2001,59,0,203,4,1,0,45,11,10,49,142,32,6,1,0,1,4,4,0,1,3,0,3,0,0,1,0,-0.6918,0,0.0378,0.0255
48840,5508,2001,51,0,203,4,1,0,224,45,69,257,910,68,59,4,1,2,21,8,4,4,25,0,4,3,1,4,0,-1.2635,0,-4.048,-2.3718
48879,5510,2001,62,0,203,4,1,0,12,4,2,17,61,6,3,0,0,0,4,2,0,0,3,0,2,0,0,2,0,0.0376,0,-0.3196,0.1982
48967,5516,2001,49,0,203,4,1,0,213,47,42,241,806,69,57,6,0,3,21,20,0,1,20,1,8,4,1,3,0,-1.7338,0,-1.5657,-0.5005
48979,5517,2001,51,0,203,4,1,0,102,17,24,124,475,44,25,0,1,3,11,8,2,4,17,1,2,0,1,4,0,-0.3027,0,0.7287,-0.1108
49052,5522,2001,52,0,203,4,1,0,63,20,12,79,285,18,17,2,0,2,11,16,0,0,12,0,2,0,2,2,0,0.2518,0,-1.7021,0.5339
49172,5528,2001,60,0,203,4,1,0,102,17,34,125,479,35,30,2,2,3,16,12,0,1,15,0,1,5,0,3,0,-0.5794,0,-0.1297,0.0159
49214,5529,2001,54,0,203,4,1,0,3,0,1,4,15,20,0,0,0,0,0,0,0,0,1,0,0,0,0,0,0,0.0031,0,0.0,0.144
49224,5530,2001,55,0,203,4,1,0,493,130,152,567,2186,128,127,28,2,16,62,90,0,1,67,0,10,0,3,4,0,3.5512,0,-2.4185,2.6941
49301,5531,2001,57,0,203,4,1,0,1,0,0,2,7,5,0,0,0,0,1,0,0,0,0,0,0,0,0,1,0,-0.0296,0,0.5041,0.063
49313,5532,2001,61,0,203,4,1,0,183,49,52,210,798,94,37,8,0,7,18,35,5,6,21,0,3,2,2,2,0,1.5242,0,0.9664,0.7153
49451,5540,2001,59,0,203,4,1,0,85,23,16,100,346,75,25,4,0,0,18,11,3,0,9,0,2,3,0,3,0,-0.2299,0,1.2201,0.5156
49810,5552,2001,61,0,203,4,1,0,77,14,22,87,309,50,23,1,2,1,6,9,2,1,6,0,0,3,0,1,0,-0.9508,0,-1.1158,-0.5505
49837,5555,2001,51,0,203,4,1,0,136,24,33,153,535,45,36,3,1,2,10,7,2,0,17,0,4,0,0,0,0,-1.4309,0,-1.7754,-0.7148
49870,5559,2001,58,0,203,4,1,0,49,12,6,58,180,19,14,3,0,1,6,12,0,0,5,0,0,0,1,3,0,0.0402,0,-2.0569,0.1514
50090,5562,2001,53,0,203,4,1,0,84,16,20,92,336,37,26,0,0,3,9,10,0,0,6,0,3,0,1,1,0,-0.5946,0,0.1476,-0.3617
50120,5564,2001,51,0,203,4,1,0,240,47,65,280,1020,74,65,11,0,2,16,11,0,0,25,1,10,0,0,15,0,-1.5736,0,-1.9165,-1.2668
50174,5570,2001,62,0,203,4,1,0,163,44,42,211,955,51,44,4,2,9,35,24,2,1,46,1,4,0,1,1,0,0.7702,0,1.0677,1.8342
50220,5577,2001,56,0,203,4,1,0,374,92,92,453,1726,116,116,15,3,9,58,61,6,5,61,0,8,6,6,6,0,0.3916,0,-0.812,3.9928
50285,5582,2001,53,0,203,4,1,0,105,19,28,126,505,33,32,4,0,4,18,12,2,1,18,0,2,0,2,1,0,-0.053,0,0.626,0.0242
50492,5585,2001,52,0,203,4,1,0,225,53,61,264,1041,65,65,9,0,4,24,21,0,1,34,0,1,0,1,4,0,-0.2813,0,-1.2634,0.39
50528,5589,2001,49,0,203,4,1,0,13,4,5,14,55,7,1,1,0,0,4,2,0,0,1,0,0,0,0,0,0,0.2804,0,0.7157,0.1977
50672,5592,2001,51,0,203,4,1,0,82,21,25,94,355,27,22,3,1,1,5,11,0,0,9,0,0,1,0,1,1,0.4709,0,-1.7249,-0.2522
50706,5595,2001,56,0,203,4,1,0,336,83,61,405,1449,101,90,18,1,15,61,62,1,1,60,0,4,0,5,4,0,2.9058,0,-1.717,1.471
50792,5599,2001,55,0,203,4,1,0,16,5,4,16,58,18,0,0,0,0,2,1,0,0,0,0,0,0,0,0,0,-0.0989,0,0.0,-0.0107
51050,5605,2001,50,0,203,4,1,0,5,0,0,7,30,7,0,0,0,0,0,0,0,0,2,0,0,0,0,0,0,-0.0003,0,0.0298,-0.0407
51056,5608,2001,53,0,203,4,1,0,0,0,0,0,0,1,0,0,0,0,0,0,0,0,0,0,0,0,0,0,0,0.0,1,0.0,0.0
51070,5609,2001,54,0,203,4,1,0,433,103,103,534,2099,123,118,19,3,12,78,47,19,13,88,1,7,7,0,6,0,0.9528,0,-0.6348,3.3485
51233,5618,2001,58,0,203,4,1,0,215,52,59,274,1190,83,62,12,0,8,49,34,3,9,52,1,3,2,2,3,0,0.165,0,-0.0277,0.8214
51494,5626,2001,56,0,203,4,1,0,368,95,82,457,1747,110,103,17,0,18,60,82,3,1,72,0,9,4,8,5,0,2.7799,0,-4.7102,2.9445
51534,5628,2001,50,0,203,4,1,0,23,3,6,23,84,8,8,0,0,0,1,0,0,0,0,0,1,0,0,0,0,-0.2533,0,0.0056,-0.3481
51627,5633,2001,50,0,203,4,1,0,232,44,73,285,1099,107,59,8,1,9,32,35,0,0,39,1,5,4,2,8,0,0.3575,0,-1.6668,-0.1191
51946,5642,2001,53,0,203,4,1,0,9,1,1,9,20,9,0,1,0,0,0,1,0,0,0,0,1,0,0,0,0,-0.0027,0,0.0169,-0.1039
52293,5655,2001,56,0,203,4,1,0,466,101,116,614,2639,129,126,21,5,17,95,75,31,17,124,0,9,15,2,6,1,3.9417,0,0.9561,4.0301
52358,5657,2001,50,0,203,4,1,0,202,44,51,225,784,53,50,6,1,3,29,18,1,1,16,0,9,0,1,6,0,-1.1518,0,0.8481,0.2683
52752,5663,2001,52,0,203,4,1,0,321,74,65,413,1759,101,90,14,1,12,57,52,0,0,82,2,11,3,3,4,0,-0.5933,0,-0.5948,1.8985
52789,5664,2001,56,0,203,4,1,0,233,54,51,300,1262,63,62,7,1,4,46,25,10,11,52,0,0,9,3,3,0,0.9483,0,2.6747,1.3896
52820,5665,2001,56,0,203,4,1,0,357,75,89,421,1470,109,101,7,2,9,42,31,6,11,43,0,2,1,4,16,0,-2.187,0,-4.0694,0.1769
52885,5666,2001,59,0,203,4,1,0,44,9,13,51,214,23,9,0,0,2,5,6,0,0,7,0,1,0,0,0,0,-0.1859,0,0.8673,0.1863
53110,5680,2001,50,0,203,4,1,0,37,11,7,50,206,20,9,2,0,2,6,8,0,0,11,0,2,0,1,1,0,-0.1769,0,-0.9624,0.4036
53135,5681,2001,53,0,203,4,1,0,31,7,9,39,161,22,9,1,0,0,3,3,0,0,5,0,1,0,1,2,0,-0.4232,0,0.3398,0.1687
53152,5682,2001,52,0,203,4,1,0,139,34,38,167,678,48,45,5,0,3,22,16,0,0,22,0,2,5,1,0,0,-0.2467,0,1.6739,0.5475
53162,5683,2001,59,0,203,4,1,0,36,10,7,41,153,24,6,0,1,1,5,9,0,0,3,0,0,0,0,2,0,0.2079,0,-0.5173,0.1522
53261,5692,2001,51,0,203,4,1,0,369,69,129,424,1614,108,108,10,1,7,22,29,3,3,39,0,7,0,3,13,0,-1.0102,0,-5.1605,-2.2142
53389,5696,2001,58,0,203,4,1,0,9,0,4,10,39,12,4,0,0,0,0,0,0,0,1,0,0,0,0,0,0,-0.161,0,0.0,-0.1935
53612,5698,2001,50,0,203,4,1,0,186,38,48,207,692,51,50,3,7,2,22,18,6,5,15,1,1,4,0,2,0,-0.6244,0,-0.813,0.4283
53713,5699,2001,64,0,203,4,1,0,32,2,16,34,140,16,12,0,0,1,2,2,0,0,2,0,1,0,0,0,0,-0.4244,0,0.0,-0.3636
54010,5702,2001,64,0,203,4,1,0,60,15,18,71,265,35,15,2,1,1,7,7,1,1,9,0,1,1,0,0,1,-0.3592,0,-0.7473,-0.1272
54075,5704,2001,57,0,203,4,1,0,31,7,9,36,113,12,9,3,0,0,2,6,0,0,3,1,0,2,0,0,0,-0.1017,0,0.1698,-0.1354
54088,5706,2001,50,0,203,4,1,0,35,5,9,37,114,10,10,1,0,0,0,3,0,0,2,0,1,0,0,0,0,-0.3516,0,0.0,-0.4301
54156,5708,2001,60,0,203,4,1,0,356,69,104,412,1538,92,92,9,0,10,50,35,10,8,46,0,3,0,4,6,0,-0.2991,0,1.2499,0.1644
54432,5710,2001,49,0,203,4,1,0,11,2,4,12,48,3,3,0,0,0,0,0,0,0,0,0,0,0,0,1,0,-0.0973,0,-0.7591,-0.16
54522,5713,2001,50,0,203,4,1,0,375,80,113,443,1556,112,108,15,2,17,48,60,0,2,50,1,4,0,5,13,0,0.9192,0,-0.4434,0.665
54739,5716,2001,52,0,203,4,1,0,544,138,108,594,1859,129,122,21,2,11,72,62,25,14,29,0,6,9,2,10,0,1.2373,0,1.5575,0.4462
54798,5718,2001,50,0,203,4,1,0,9,2,2,10,24,4,2,0,0,0,1,0,0,0,0,0,0,0,0,1,0,-0.0107,0,0.0,-0.0555
55028,5723,2001,58,0,203,4,1,0,16,2,5,17,61,7,4,1,0,0,0,0,0,0,0,0,0,0,0,1,0,-0.2932,0,0.0,-0.1661
55576,5746,2001,54,0,203,4,1,0,353,81,88,392,1337,123,121,27,2,6,43,53,0,1,29,0,5,0,4,6,0,1.1404,0,-4.0419,0.0801
55868,5749,2001,54,0,203,4,1,0,1,0,1,1,6,1,0,0,0,0,0,0,0,0,0,0,0,0,0,0,0,-0.0001,0,0.0,-0.0208
55898,5751,2001,49,0,203,4,1,0,12,3,1,12,34,3,3,0,0,1,1,4,0,0,0,0,0,0,0,0,0,0.1414,0,0.0,-0.0054
56282,5765,2001,60,0,203,4,1,0,520,132,152,599,2044,131,128,28,8,15,77,66,13,10,47,1,2,0,3,29,0,-0.4119,0,2.6515,2.8168
56564,5770,2001,57,0,203,4,1,0,6,1,1,8,28,2,2,0,0,0,0,1,1,0,2,0,0,0,0,0,0,0.1875,0,0.0763,-0.0037
56797,5776,2001,57,0,203,4,1,0,121,25,43,127,441,59,39,4,1,0,6,7,0,0,4,0,2,0,0,2,0,-0.4154,0,-0.6816,-0.8458
56857,5777,2001,51,0,203,4,1,0,12,2,2,16,62,6,5,0,0,0,2,0,0,0,3,0,0,0,0,1,0,-0.1972,0,0.6431,0.0796
56918,5779,2001,63,0,203,4,1,0,195,52,45,221,706,45,44,12,5,6,37,27,17,2,18,0,1,2,1,5,0,0.5236,0,-1.0103,1.7122
57125,5784,2001,53,0,203,4,1,0,393,92,115,474,1848,129,126,12,1,16,55,47,3,10,64,0,4,9,3,5,0,0.2157,0,-1.0003,2.7132
57546,5794,2001,59,0,203,4,1,0,20,5,5,21,70,14,3,0,0,1,3,5,1,0,1,1,2,0,0,0,0,-0.1008,0,-0.6395,-0.0254
57630,5798,2001,53,0,203,4,1,0,84,19,15,93,321,33,24,3,0,1,10,10,0,0,6,0,3,2,0,1,0,-0.4165,0,-1.1374,-0.3143
57664,5799,2001,49,0,203,4,1,0,437,91,106,498,1679,131,129,13,3,5,60,33,15,12,38,0,6,12,1,10,0,-1.804,0,0.1459,0.8704
57692,5801,2001,57,0,203,4,1,0,181,40,60,196,688,59,50,7,0,3,11,13,1,0,13,0,4,0,0,2,0,-0.7606,0,-0.1385,-1.4363
57723,5804,2001,59,0,203,4,1,0,164,33,52,194,761,51,40,3,0,6,18,22,3,1,20,0,0,0,2,8,0,-0.4971,0,1.9557,0.0508
57797,5808,2001,51,0,203,4,1,0,249,41,62,276,990,66,66,5,1,2,14,12,1,2,26,0,8,0,1,0,0,-1.2958,0,-0.8741,-2.0564
57975,5809,2001,64,0,203,4,1,0,0,0,0,0,0,2,0,0,0,0,0,0,0,0,0,0,0,0,0,0,0,0.0,1,0.0,0.0
57977,5811,2001,64,0,203,4,1,0,88,21,23,99,364,48,23,3,0,1,16,9,5,0,6,0,0,1,1,3,0,0.0736,0,0.5413,-0.0563
57998,5812,2001,53,0,203,4,1,0,149,38,30,171,593,46,42,12,0,4,22,18,0,2,15,0,4,3,1,3,0,0.5702,0,-0.23,0.5181
58109,5816,2001,59,0,203,4,1,0,115,24,26,146,539,53,29,5,1,2,24,13,0,0,23,0,1,0,1,7,0,0.6737,0,1.3013,0.4705
58174,5821,2001,64,0,203,4,1,0,101,30,23,127,448,57,26,9,2,1,16,17,5,3,17,2,0,1,2,6,0,0.7572,0,-3.4011,0.5504
58234,5823,2001,53,0,203,4,1,0,11,1,1,13,44,8,1,0,0,0,0,0,0,0,1,0,0,1,0,0,0,0.0095,0,0.0,-0.087
58312,5824,2001,55,0,203,4,1,0,11,4,2,12,52,5,2,0,0,1,3,2,0,0,1,0,0,0,0,0,0,0.1533,0,0.1299,0.2022
58522,5830,2001,57,0,203,4,1,0,79,14,21,85,282,37,25,1,0,0,2,2,0,0,6,0,3,0,0,0,0,-0.8513,0,-1.1851,-1.5633
58558,5831,2001,49,0,203,4,1,0,383,89,79,418,1348,115,101,19,6,7,46,47,6,13,27,0,4,0,2,6,0,-0.5305,0,0.2908,0.5216
58645,5834,2001,50,0,203,4,1,0,3,1,1,3,17,3,0,0,0,0,0,0,0,0,0,0,0,0,0,0,0,-0.1549,0,0.0,0.005
58899,5837,2001,60,0,203,4,1,0,161,51,29,179,631,42,38,13,5,4,34,25,2,6,14,0,2,0,2,2,0,0.7127,0,2.0022,2.5498
59037,5839,2001,60,0,203,4,1,0,467,108,150,547,2018,131,127,28,0,14,62,63,2,1,58,1,5,1,10,11,0,-0.7593,0,-0.8112,-0.3068
59109,5841,2001,60,0,203,4,1,0,441,114,126,500,1875,114,110,17,0,20,61,70,1,2,53,0,9,0,1,5,0,-0.3867,0,-1.9329,2.367
59346,5842,2001,64,0,203,4,1,0,489,128,73,571,2060,132,125,27,3,15,83,80,2,1,72,1,19,0,3,7,0,-0.8494,0,-2.3037,4.0916
59422,5844,2001,53,0,203,4,1,0,4,1,0,4,11,1,1,1,0,0,0,0,0,0,0,0,0,0,0,0,0,0.03,0,0.0,0.0365
59478,5845,2001,53,0,203,4,1,0,269,72,56,321,1206,113,63,13,2,17,50,47,7,8,44,1,2,1,0,7,0,3.0822,0,-2.26,2.7774
59785,5847,2001,59,0,203,4,1,0,253,68,81,305,1117,76,72,8,3,2,27,33,1,3,34,3,5,3,2,13,0,1.1471,0,-0.2757,1.4016
59827,5848,2001,53,0,203,4,1,0,6,2,1,7,25,7,0,0,0,1,2,1,0,0,1,0,0,0,0,0,0,-0.0781,0,-0.4989,0.0701
59907,5850,2001,64,0,203,4,1,0,118,26,26,133,526,46,40,6,0,6,17,16,0,1,12,1,0,0,2,1,0,0.3475,0,0.967,0.3334
60191,5858,2001,63,0,203,4,1,0,184,37,56,205,709,65,60,6,0,4,23,26,1,2,16,0,2,2,1,1,1,-1.0654,0,0.202,-0.8223
60330,5862,2001,53,0,203,4,1,0,1,0,0,2,3,7,0,0,0,0,0,0,0,0,0,0,0,1,0,0,0,-0.0328,1,0.0,-0.0496
60348,5864,2001,60,0,203,4,1,0,257,52,82,298,1205,67,63,14,0,7,24,27,0,0,32,0,2,0,2,7,0,-0.5824,0,-3.5647,0.2302
60537,5873,2001,63,0,203,4,1,0,234,38,88,280,1075,85,83,8,1,3,25,24,6,3,32,0,0,7,1,6,0,-0.7783,0,1.5478,-1.3435
60668,5876,2001,57,0,203,4,1,0,44,9,10,46,142,22,10,4,0,2,5,3,0,0,1,0,0,0,0,1,0,-0.2321,0,0.8596,0.0135
60784,5881,2001,55,0,203,4,1,0,6,1,2,6,18,6,1,0,0,0,0,0,0,0,0,0,0,0,0,0,0,-0.0213,0,0.0,-0.1105
60857,5882,2001,63,0,203,4,1,0,456,89,149,582,2432,135,131,20,1,11,66,66,1,0,105,5,10,0,4,17,0,0.2642,0,-0.25,0.3248
60882,5886,2001,55,0,203,4,1,0,8,1,2,8,20,3,2,0,0,1,1,1,0,0,0,0,0,0,0,0,0,-0.1666,0,0.0,-0.0213
61063,5887,2001,51,0,203,4,1,0,20,6,2,24,77,7,6,0,0,1,1,2,0,0,3,0,0,0,0,1,0,-0.15,0,0.0737,0.0553
61199,5890,2001,63,0,203,4,1,0,1,0,0,1,1,1,0,0,0,0,0,0,0,0,0,0,0,0,0,0,0,-0.0002,0,0.0,-0.0227
61256,5906,2001,60,0,203,4,1,0,169,42,44,195,679,57,48,4,1,3,22,18,7,1,19,1,2,4,1,2,0,-0.0851,0,2.6293,0.7766
61301,5907,2001,57,0,203,4,1,0,3,1,1,4,16,1,1,0,0,0,0,0,0,0,1,0,0,0,0,0,0,0.0365,0,0.0,0.0603
61459,5908,2001,59,0,203,4,1,0,96,18,31,117,429,37,36,1,0,1,9,13,0,0,18,0,1,0,0,3,0,-0.1339,0,0.1898,0.0243
61563,5911,2001,60,0,203,4,1,0,15,3,4,17,59,17,0,1,0,0,1,2,0,0,2,0,0,0,0,0,0,-0.0916,0,0.0511,-0.1727
61619,5916,2001,59,0,203,4,1,0,30,3,9,33,96,10,10,1,0,0,2,3,0,0,1,0,2,0,1,1,0,-0.3592,0,0.0,-0.4745
61903,5921,2001,57,0,203,4,1,0,2,1,1,2,9,4,0,0,0,0,0,0,0,0,0,0,0,0,0,0,0,-0.0004,1,0.0,-0.0678
61928,5924,2001,62,0,203,4,1,0,289,80,50,330,1294,74,72,11,4,10,41,47,2,1,36,1,9,0,2,3,0,-0.1607,0,-2.7785,1.8419
61995,5929,2001,52,0,203,4,1,0,432,89,119,523,2044,129,128,11,1,14,75,65,10,7,82,0,7,0,4,5,0,-0.4464,0,2.3224,1.0792
62090,5931,2001,61,0,203,4,1,0,486,100,141,558,2064,134,131,8,2,8,58,52,7,8,58,0,11,0,1,13,0,-3.0329,0,2.6217,0.0174
62189,5937,2001,54,0,203,4,1,0,36,8,5,40,168,28,6,1,0,0,3,1,0,0,2,0,2,1,0,1,0,-0.8057,0,0.0619,-0.1299
62317,5938,2001,55,0,203,4,1,0,256,56,69,302,1128,73,68,6,3,5,41,26,4,5,44,1,3,0,0,2,0,0.2746,0,5.588,0.2599
62541,5945,2001,62,0,203,4,1,0,248,60,59,314,1321,81,73,9,2,10,56,52,12,5,60,1,6,0,1,5,0,2.5272,0,0.8463,3.3987
62791,5952,2001,54,0,203,4,1,0,131,33,27,164,686,79,27,2,0,3,19,14,4,2,25,1,1,2,0,6,0,-0.0855,0,0.7938,1.35
63017,5958,2001,51,0,203,4,1,0,6,1,1,6,22,5,1,1,0,0,0,1,0,0,0,0,1,0,0,0,0,-0.2931,0,0.0,-0.0457
63057,5960,2001,52,0,203,4,1,0,219,44,60,264,1015,78,66,7,0,13,33,36,0,0,39,0,6,1,3,2,0,0.1317,0,-1.8407,0.2172
63062,5963,2001,54,0,203,4,1,0,34,3,5,45,180,53,0,0,1,0,3,4,1,0,6,0,0,1,0,4,0,0.1601,0,-0.8574,-0.4554
63320,5966,2001,54,0,203,4,1,0,144,25,51,184,861,48,44,7,0,3,15,13,1,0,38,0,1,0,0,2,0,-0.6889,0,-2.6859,0.8306
63345,5967,2001,53,0,203,4,1,0,428,111,91,462,1558,118,114,16,5,2,28,42,2,9,26,1,11,1,2,5,0,-1.1038,0,-1.648,-0.5495
63397,5968,2001,62,0,203,4,1,0,15,2,6,17,74,17,0,0,0,0,1,0,0,0,2,0,0,0,0,0,0,-0.0164,0,0.4938,-0.1762
63404,5969,2001,53,0,203,4,1,0,32,5,10,41,160,20,7,0,1,0,6,3,0,0,7,0,0,0,0,2,0,0.4247,0,-0.4199,-0.1754
63440,5971,2001,49,0,203,4,1,0,12,3,3,12,38,3,3,0,0,0,1,1,0,0,0,0,0,0,0,0,0,-0.2022,0,0.0,-0.0024
63770,5977,2001,55,0,203,4,1,0,251,47,62,294,1033,77,75,7,1,3,23,23,0,1,28,1,3,5,1,9,0,-1.2093,0,0.311,-1.0071
63861,5979,2001,49,0,203,4,1,0,216,42,45,261,1010,71,64,6,1,5,29,27,0,0,36,0,5,0,6,3,0,0.4429,0,-2.2092,0.4616
63949,5980,2001,60,0,203,4,1,0,324,63,89,394,1512,105,105,5,1,5,40,30,13,5,53,0,5,12,2,3,0,-2.2287,0,1.9161,0.108
64272,5987,2001,50,0,203,4,1,0,42,7,12,47,169,15,13,2,0,0,3,5,0,0,4,0,0,0,1,0,0,-0.3728,0,0.8576,-0.2431
64425,5992,2001,49,0,203,4,1,0,89,16,24,111,477,33,27,2,0,3,9,14,0,1,17,0,2,2,1,2,0,-0.128,0,-0.8894,0.0535
64558,5994,2001,58,0,203,4,1,0,5,2,2,5,17,6,0,1,0,0,1,0,0,0,0,0,0,0,0,0,0,0.0114,0,0.0,0.0422
64588,5995,2001,50,0,203,4,1,0,23,3,9,30,153,11,8,0,0,1,4,3,0,0,7,0,2,0,0,0,0,-0.1692,0,-0.6256,-0.0542
64777,5999,2001,59,0,203,4,1,0,203,47,52,240,925,67,49,4,2,3,28,16,12,1,30,0,2,3,1,3,0,0.7581,0,-0.009,0.0276
64785,6000,2001,64,0,203,4,1,0,0,0,0,0,0,5,0,0,0,0,0,0,0,0,0,0,0,0,0,0,0,0.0,1,0.0,0.0
64791,6006,2001,51,0,203,4,1,0,197,52,57,236,983,55,53,9,1,3,36,20,1,0,32,0,3,2,1,4,0,0.104,0,1.1658,1.4566
64810,6007,2001,53,0,203,4,1,0,0,0,0,0,0,5,0,0,0,0,0,0,0,0,0,0,0,0,0,0,0,0.0,1,0.0,0.0
64883,6013,2001,63,0,203,4,1,0,146,34,38,181,742,41,38,8,2,2,22,20,0,0,33,0,5,0,0,2,0,0.4249,0,-1.513,0.3048
65207,6016,2001,56,0,203,4,1,0,489,128,128,585,2327,126,125,25,9,13,75,79,7,8,81,0,9,0,6,9,0,1.8778,0,0.6234,3.503
65709,6030,2001,59,0,203,4,1,0,30,5,13,40,169,37,3,0,0,0,2,3,0,0,6,0,0,0,2,2,0,-0.0354,0,0.2383,-0.1023
65721,6032,2001,54,0,203,4,1,0,401,105,66,447,1532,116,95,26,6,13,54,67,3,2,38,1,4,0,2,6,0,0.6213,0,-3.222,1.6289
65821,6034,2001,59,0,203,4,1,0,78,11,25,97,375,50,19,1,1,1,8,9,0,1,12,1,0,0,2,5,0,-0.2154,0,-0.0897,-0.4322
65824,6035,2001,57,0,203,4,1,0,1,1,0,1,3,5,0,0,0,0,0,0,0,0,0,0,0,0,0,0,0,0.0037,1,-0.5844,-0.0202
65830,6036,2001,61,0,203,4,1,0,465,125,103,567,2118,130,127,26,3,12,83,61,7,6,91,3,7,3,1,7,0,1.5928,0,-1.6552,4.079
65924,6039,2001,59,0,203,4,1,0,69,14,21,86,383,21,19,3,0,2,8,8,0,0,12,0,2,0,3,2,0,-0.2046,0,-0.3255,-0.0842
65981,6041,2001,55,0,203,4,1,0,141,29,39,160,556,63,33,5,1,2,16,19,1,1,10,0,0,6,1,2,0,-1.544,0,-1.3256,-0.2685
66010,6042,2001,64,0,203,4,1,0,73,15,19,87,359,42,19,0,1,5,8,18,0,1,11,0,1,0,2,1,0,0.4126,0,0.1013,0.0962
66057,6043,2001,50,0,203,4,1,0,109,28,42,136,563,44,40,6,0,2,13,12,0,0,23,0,3,0,1,3,0,0.1867,0,-2.952,0.0353
66100,6044,2001,52,0,203,4,1,0,220,62,67,296,1226,64,62,6,0,12,51,37,25,9,65,1,3,2,4,5,0,1.1872,0,1.9076,4.0694
66174,6046,2001,50,0,203,4,1,0,87,18,30,102,343,26,25,4,0,4,9,12,0,0,11,0,4,0,0,3,1,-0.227,0,0.0816,0.1005
66903,6056,2001,51,0,203,4,1,0,18,2,6,21,85,6,5,0,0,0,1,2,0,0,3,0,1,0,0,0,0,-0.2921,0,0.0562,-0.1501
67015,6057,2001,59,0,203,4,1,0,195,48,46,225,769,58,58,12,1,3,29,19,6,3,21,0,3,4,2,3,0,-0.4078,0,4.4439,0.9829
67597,6072,2001,53,0,203,4,1,0,181,51,49,193,654,44,44,8,4,8,27,33,6,4,7,0,1,0,1,4,0,1.5809,0,-0.1798,1.2005
68018,6082,2001,58,0,203,4,1,0,176,42,41,195,672,43,43,7,1,3,29,17,7,2,18,0,1,0,0,1,0,-0.2543,0,-0.4657,0.1208
68900,6094,2001,57,0,203,4,1,0,108,19,27,125,450,31,30,2,0,0,15,1,3,3,14,0,1,1,0,2,0,-0.4441,0,1.2506,-0.7862
69072,6097,2001,59,0,203,4,1,0,205,45,52,244,867,65,64,7,0,3,23,23,10,6,26,1,2,0,4,9,0,1.0091,0,0.3445,-0.3208
70055,6120,2001,59,0,203,4,1,0,225,48,54,260,912,62,56,15,1,2,24,20,4,4,22,0,2,6,2,5,0,-0.3944,0,-1.479,-0.2795
70526,6136,2001,59,0,203,4,1,0,277,63,52,316,1066,73,69,9,1,10,40,27,13,4,33,5,6,0,0,6,0,-0.8089,0,1.1559,1.029
70732,6142,2001,57,0,203,4,1,0,282,40,96,321,1183,96,89,5,0,2,14,14,0,0,29,0,2,1,3,6,0,-2.2912,0,0.2265,-3.1774
71015,6144,2001,63,0,203,4,1,0,26,6,6,29,87,29,6,0,0,1,2,2,1,0,2,0,0,0,0,1,0,-0.2181,0,-1.1958,-0.0632
71030,6145,2001,53,0,203,4,1,0,31,6,6,39,143,18,9,0,0,0,5,4,0,0,6,0,1,0,1,1,0,0.0064,0,1.072,0.1547
71089,6147,2001,53,0,203,4,1,0,0,0,0,0,0,5,0,0,0,0,0,0,0,0,0,0,0,0,0,0,0,0.0,1,0.0,0.0
71108,6149,2001,59,0,203,4,1,0,159,33,37,173,553,54,42,3,0,2,20,6,6,3,7,0,1,6,0,1,0,-0.6816,0,-0.4512,-0.7749
71359,6153,2001,57,0,203,4,1,0,237,24,93,263,985,74,69,5,0,2,19,10,0,0,19,0,5,1,0,6,0,-2.1041,0,-1.5346,-3.4742
71381,6157,2001,58,0,203,4,1,0,24,6,8,30,119,10,10,1,0,0,2,3,1,0,4,0,2,1,0,1,0,0.3226,0,0.0183,0.0791
71413,6158,2001,53,0,203,4,1,0,0,0,0,0,0,3,0,0,0,0,0,0,0,0,0,0,0,0,0,0,0,0.0,1,0.0,0.0
71420,6159,2001,59,0,203,4,1,0,1,0,1,1,4,1,0,0,0,0,0,0,0,0,0,0,0,0,0,0,0,-0.0004,0,0.0,-0.0227
71479,6161,2001,58,0,203,4,1,0,22,1,4,25,81,12,9,0,0,0,1,0,0,0,2,0,0,0,0,1,0,-0.406,0,0.1299,-0.2497
71633,6171,2001,59,0,203,4,1,0,3,0,2,3,10,4,1,0,0,0,0,0,0,0,0,0,0,0,0,0,0,-0.0281,0,0.0,-0.0899
71921,6175,2001,57,0,203,4,1,0,83,11,37,91,338,33,32,3,0,1,3,4,0,0,6,0,4,1,0,1,0,-0.875,0,-0.4676,-0.9502
72128,6181,2001,51,0,203,4,1,0,27,3,8,29,111,10,8,1,0,0,1,3,0,0,1,0,1,0,0,1,0,-0.0516,1,0.0281,-0.3526
72226,6185,2001,55,0,203,4,1,0,26,7,7,29,102,16,16,0,0,1,3,4,0,0,1,0,1,0,1,1,0,0.1273,1,-0.9283,-0.0224
72362,6188,2001,51,0,203,4,1,0,186,39,42,208,737,63,56,4,1,10,25,23,0,0,13,0,3,4,0,5,0,-0.3685,0,-1.9642,-0.7368
72495,6191,2001,63,0,203,4,1,0,23,3,9,23,74,12,6,0,0,0,2,2,0,0,0,0,2,0,0,0,0,-0.2149,0,0.0,-0.3708
72514,6192,2001,57,0,203,4,1,0,191,40,53,206,707,54,53,1,1,6,15,17,0,0,13,0,4,0,2,0,0,-0.026,0,-0.9075,-1.3978
72861,6203,2001,57,0,203,4,1,0,204,38,62,226,762,73,72,6,0,5,11,17,1,0,18,0,3,0,1,3,0,-0.587,0,-0.6304,-1.5629
72940,6205,2001,51,0,203,4,1,0,177,23,62,198,710,56,55,1,0,1,5,7,0,0,20,1,7,0,0,1,0,-1.6533,0,-0.4756,-1.2648
73227,6212,2001,59,0,203,4,1,0,0,0,0,0,0,1,0,0,0,0,0,0,0,0,0,0,0,0,0,0,0,0.0,0,0.0,0.0
73399,6217,2001,57,0,203,4,1,0,271,38,78,311,1129,90,84,8,0,2,20,10,0,0,36,2,6,0,0,4,0,-1.7938,0,-2.1141,-2.7673
73630,6219,2001,57,0,203,4,1,0,91,13,40,99,395,31,31,4,0,0,2,7,4,0,5,0,1,0,1,2,0,-0.489,0,0.2404,-0.7042
73787,6222,2001,58,0,203,4,1,0,70,11,22,79,273,25,23,2,0,0,8,4,4,2,5,0,0,3,0,1,0,0.0538,0,0.3571,-0.4312
74048,6227,2001,54,0,203,4,1,0,198,40,48,234,788,87,82,6,2,6,27,23,0,2,22,0,3,6,2,6,0,-1.0769,0,-1.0585,-0.5964
74128,6231,2001,59,0,203,4,1,0,18,4,5,21,73,32,5,1,1,0,3,4,0,0,3,0,0,0,0,0,0,0.1809,0,0.0,-0.0176
74176,6232,2001,55,0,203,4,1,0,0,0,0,0,0,5,0,0,0,0,0,0,0,0,0,0,0,0,0,0,0,0.0,1,0.0,0.0
74230,6237,2001,57,0,203,4,1,0,16,1,5,18,68,17,5,0,0,0,1,2,0,0,1,0,0,0,1,0,0,-0.2601,0,0.0,-0.2004
74553,6242,2001,55,0,203,4,1,0,100,17,31,113,406,33,32,1,1,1,15,8,1,1,7,0,1,3,2,1,0,-0.5747,0,2.0595,0.1184
74693,6244,2001,61,0,203,4,1,0,94,16,33,112,440,69,19,2,1,4,11,22,2,4,13,0,3,1,2,2,0,-0.2822,0,0.5149,0.0888
75050,6258,2001,55,0,203,4,1,0,10,1,4,10,32,9,5,0,0,0,0,0,0,0,0,0,0,0,0,0,0,-0.1589,1,0.0,-0.1783
75086,6262,2001,51,0,203,4,1,0,160,31,48,171,605,50,49,4,0,4,8,9,0,0,10,0,8,0,0,1,0,-1.1003,0,0.2223,-1.0092
75137,6265,2001,57,0,203,4,1,0,205,37,56,223,814,63,61,9,0,4,21,11,4,3,14,0,2,0,0,4,0,-1.3614,0,1.8901,-0.5376
75237,6266,2001,59,0,203,4,1,0,92,11,30,103,362,57,31,0,0,2,7,3,4,2,6,0,0,3,0,2,0,-1.5258,0,0.3605,-0.8076
75316,6267,2001,57,0,203,4,1,0,10,1,3,11,43,14,2,0,0,0,0,0,0,0,1,0,1,0,0,0,0,-0.1225,0,0.0,-0.3829
75331,6268,2001,60,0,203,4,1,0,13,1,7,13,62,14,0,0,0,0,1,1,1,0,0,0,1,0,0,0,0,-0.0131,0,0.4891,-0.1387
75600,6275,2001,57,0,203,4,1,0,56,9,20,63,241,16,16,1,0,2,7,7,0,0,7,0,1,0,0,0,0,-0.3685,0,0.3605,-0.3717
75674,6280,2001,55,0,203,4,1,0,0,0,0,0,0,1,0,0,0,0,0,0,0,0,0,0,0,0,0,0,0,0.0,1,0.0,0.0
75796,6283,2001,51,0,203,4,1,0,236,41,68,274,962,67,66,6,2,7,24,29,4,2,29,0,1,4,1,4,0,-0.3737,0,0.6636,0.9013
75868,6284,2001,50,0,203,4,1,0,129,35,34,176,820,47,40,8,0,6,20,19,0,0,43,0,5,1,0,3,0,1.1345,0,0.9358,2.534
75960,6285,2001,61,0,203,4,1,0,438,99,118,494,1723,98,98,19,5,9,61,42,7,7,40,0,4,0,1,15,0,-1.58,0,0.6552,1.7562
76139,6287,2001,61,0,203,4,1,0,113,29,24,143,526,49,30,4,0,3,14,18,2,1,18,1,2,5,2,5,0,-0.1248,0,-0.1811,0.0085
76218,6288,2001,57,0,203,4,1,0,1,0,0,2,9,2,0,0,0,0,1,0,0,0,1,0,0,0,0,0,0,-0.2724,0,0.0,0.0116
76330,6291,2001,50,0,203,4,1,0,152,38,42,179,745,66,35,3,0,8,22,25,0,0,24,0,7,0,1,2,0,0.9188,0,3.4915,1.2947
76380,6296,2001,62,0,203,4,1,0,433,108,129,532,2432,122,111,9,0,15,81,63,15,9,91,0,2,1,2,5,0,2.1247,0,0.5761,3.6331
76405,6297,2001,55,0,203,4,1,0,402,81,121,488,1910,128,125,8,4,13,51,48,6,3,62,1,4,9,2,13,0,0.4407,0,-0.9272,3.0372
76676,6299,2001,54,0,203,4,1,0,105,21,34,133,535,83,11,2,0,4,21,21,2,1,21,1,1,4,0,3,0,0.0597,0,0.8551,0.3388
76720,6300,2001,53,0,203,4,1,0,91,29,25,132,604,37,31,3,0,6,21,19,0,0,34,1,4,0,2,5,0,1.2811,0,0.7882,2.1731
76813,6305,2001,54,0,203,4,1,0,123,28,37,159,649,62,27,0,0,6,22,21,2,3,32,1,0,2,1,1,0,0.7079,0,-1.0704,0.5662
77127,6311,2001,62,0,203,4,1,0,472,127,122,550,2078,128,124,20,10,10,68,66,2,6,57,0,6,9,6,6,0,-0.7422,0,-2.4935,2.4097
77378,6316,2001,64,0,203,4,1,0,482,133,88,583,2202,128,126,20,3,19,90,73,3,4,71,0,16,0,2,28,0,1.8034,0,-2.6119,4.7187
77679,6324,2001,59,0,203,4,1,0,1,0,0,1,3,1,0,0,0,0,0,0,0,0,0,0,0,0,0,0,0,-0.0443,0,0.0,-0.0227
77754,6325,2001,61,0,203,4,1,0,301,94,67,343,1296,70,70,22,1,2,44,28,3,7,37,3,2,0,1,4,0,-0.1885,0,-4.3729,1.2463
77846,6327,2001,54,0,203,4,1,0,139,24,43,177,686,51,39,6,0,1,17,9,4,2,32,1,1,0,2,4,0,-0.6181,0,1.2704,0.3435
78228,6344,2001,56,0,203,4,1,0,147,26,45,215,980,49,46,3,0,8,27,24,8,14,54,0,1,6,2,6,0,0.5322,0,0.8541,1.115
78460,6346,2001,51,0,203,4,1,0,67,10,21,74,273,18,18,0,0,0,3,1,2,3,6,0,1,1,0,0,0,-0.1346,0,-0.2501,-0.5858
78512,6351,2001,56,0,203,4,1,0,162,37,45,193,689,48,48,5,0,8,26,26,0,5,24,0,2,5,2,0,0,-0.0483,0,0.8356,0.6722
78574,6352,2001,64,0,203,4,1,0,4,0,1,4,9,7,0,0,0,0,0,0,0,0,0,0,0,0,0,0,0,-0.0812,0,0.0,-0.0943
78626,6359,2001,54,0,203,4,1,0,229,56,68,268,1117,72,63,13,2,5,33,35,5,10,33,0,4,1,0,5,0,1.4453,0,-0.262,0.6651
78745,6361,2001,61,0,203,4,1,0,2,0,2,2,10,2,0,0,0,0,0,0,0,0,0,0,0,0,0,0,0,-0.12,0,0.0,-0.0438
78799,6363,2001,59,0,203,4,1,0,248,51,62,315,1286,75,69,9,0,9,34,31,1,0,55,1,5,0,2,10,0,0.5591,0,0.4423,0.6665
79053,6366,2001,49,0,203,4,1,0,170,43,32,206,753,49,48,12,1,5,29,27,6,3,33,1,4,0,1,2,0,1.7204,0,-2.4386,1.096
79186,6368,2001,52,0,203,4,1,0,33,4,4,44,153,10,10,0,0,0,3,4,0,0,8,0,1,0,1,2,0,-0.4162,0,0.1328,-0.0455
79497,6376,2001,57,0,203,4,1,0,93,21,29,108,436,29,27,2,0,1,8,8,0,0,14,0,2,0,0,1,0,-0.2458,0,-0.1577,0.091
79533,6380,2001,52,0,203,4,1,0,247,60,62,300,1177,65,65,12,2,6,40,34,7,7,36,1,4,0,2,15,0,0.7584,0,-0.0775,1.5575
79711,6386,2001,51,0,203,4,1,0,231,49,63,272,1109,66,65,4,1,10,23,28,3,1,32,0,2,2,1,6,0,-0.1253,0,-0.914,1.0289
79846,6389,2001,55,0,203,4,1,0,94,30,17,120,516,26,26,7,0,5,17,26,0,4,22,1,0,0,1,3,0,1.1961,0,-1.5494,1.4736
80109,6393,2001,52,0,203,4,1,0,130,31,31,156,528,42,42,6,0,10,18,26,0,0,18,0,3,3,0,5,0,0.0956,0,-0.8417,0.7463
80289,6397,2001,61,0,203,4,1,0,111,33,42,131,508,28,28,13,1,1,16,18,3,2,17,0,1,0,0,3,0,1.2144,0,0.7398,1.276
80302,6397,2001,55,0,203,4,1,0,44,11,17,54,190,16,15,3,0,1,7,10,1,0,8,0,1,1,0,1,0,0.3157,1,1.461,0.3642
84785,6497,2001,63,0,203,4,1,0,380,72,119,435,1510,131,126,16,1,8,41,42,2,1,46,4,3,4,2,3,0,-1.5078,0,4.7845,-1.0043
85228,6513,2001,55,0,203,4,1,0,6,0,3,6,23,12,1,0,0,0,0,0,0,0,0,0,0,0,0,0,0,-0.0537,1,0.0,-0.1644
85247,6514,2001,59,0,203,4,1,0,38,5,9,40,124,22,12,0,0,0,2,0,0,0,1,0,2,0,0,1,0,-0.5325,0,-0.3777,-0.5432
85487,6519,2001,55,0,203,4,1,0,0,0,0,0,0,3,0,0,0,0,0,0,0,0,0,0,0,0,0,0,0,0.0,1,0.0,0.0
85540,6523,2001,55,0,203,4,1,0,1,0,1,1,3,1,0,0,0,0,0,0,0,0,0,0,0,0,0,0,0,-0.0419,1,0.0,-0.0271
85589,6524,2001,50,0,203,4,1,0,16,4,7,16,60,5,5,1,0,0,2,2,0,0,0,0,1,0,0,0,0,-0.0734,0,-0.7264,-0.1271
85725,6528,2001,57,0,203,4,1,0,1,0,1,1,4,2,0,0,0,0,0,0,0,0,0,0,0,0,0,0,0,-0.0224,1,0.0,0.009
85784,6532,2001,57,0,203,4,1,0,3,2,0,5,10,12,0,0,0,0,1,0,0,0,0,0,0,2,0,0,0,0.0586,1,0.0,0.0195
85868,6535,2001,55,0,203,4,1,0,0,0,0,0,0,15,0,0,0,0,0,0,0,0,0,0,0,0,0,0,0,0.0,1,0.0,0.0
85997,6538,2001,55,0,203,4,1,0,7,1,3,7,25,9,0,0,0,1,1,3,0,0,0,0,0,0,0,0,0,0.1519,1,0.0,-0.035
86009,6539,2001,57,0,203,4,1,0,22,2,7,22,66,20,6,0,0,1,2,1,0,0,0,0,0,0,0,0,0,-0.3468,0,0.2838,-0.4311
86024,6540,2001,50,0,203,4,1,0,57,8,15,62,199,60,16,0,0,1,4,4,0,0,3,0,1,0,0,2,0,-0.9179,0,1.1987,-0.082
86110,6541,2001,57,0,203,4,1,0,47,7,23,50,198,19,19,3,0,0,0,0,0,0,3,0,2,0,0,0,0,-0.6047,0,0.0,-0.4896
86306,6547,2001,55,0,203,4,1,0,0,0,0,0,0,13,0,0,0,0,0,0,0,0,0,0,0,0,0,0,0,0.0,1,0.0,0.0
86549,6551,2001,54,0,203,4,1,0,212,48,52,231,818,90,90,10,2,8,20,24,6,1,14,0,1,0,0,5,0,-0.0597,0,0.4615,0.4333
87440,6560,2001,55,0,203,4,1,0,0,0,0,0,0,12,0,0,0,0,0,0,0,0,0,0,0,0,0,0,0,0.0,1,0.0,0.0
87900,6578,2001,54,0,203,4,1,0,28,6,12,34,128,20,13,0,0,1,5,7,1,0,4,0,0,0,0,2,0,-0.1065,0,0.2193,0.2393
87952,6585,2001,57,0,203,4,1,0,11,2,6,11,43,3,3,0,0,1,1,2,0,0,0,0,0,0,0,0,0,-0.0743,0,0.0,-0.0104
87957,6586,2001,54,0,203,4,1,0,22,2,8,25,92,71,3,1,0,1,1,3,0,0,2,0,1,1,0,0,0,-0.54,0,0.0172,0.1851
88050,6589,2001,55,0,203,4,1,0,0,0,0,0,0,5,0,0,0,0,0,0,0,0,0,0,0,0,0,0,0,0.0,1,0.0,0.0
88232,6599,2001,57,0,203,4,1,0,4,0,3,4,14,1,1,0,0,0,0,0,0,0,0,0,0,0,0,0,0,-0.0785,1,0.0,-0.0271
88407,6603,2001,57,0,203,4,1,0,30,3,9,33,115,17,6,0,0,0,1,0,0,0,2,0,2,1,0,0,0,-0.385,0,0.0,-0.4734
88667,6616,2001,53,0,203,4,1,0,1,0,1,1,6,1,0,0,0,0,0,0,0,0,0,0,0,0,0,0,0,0.0009,0,0.0,-0.0224
89074,6625,2001,53,0,203,4,1,0,2,0,1,2,8,7,0,0,0,0,0,0,0,0,0,0,0,0,0,0,0,-0.0048,1,0.0,-0.0432
89343,6637,2001,59,0,203,4,1,0,8,2,3,8,29,12,1,0,0,1,2,1,0,0,0,0,0,0,0,0,0,-0.1489,0,0.0,-0.038
89362,6638,2001,59,0,203,4,1,0,88,5,42,105,382,45,35,0,0,2,10,9,1,0,8,0,1,1,0,8,0,-0.7508,0,-1.4603,-1.0248
90008,6653,2001,54,0,203,4,1,0,198,66,30,233,946,56,51,27,2,7,30,30,4,5,34,1,6,0,0,1,0,2.1305,0,-0.2239,2.9888
90251,6655,2001,50,0,203,4,1,0,7,1,1,8,27,4,2,0,0,1,2,2,0,0,1,0,0,0,0,0,0,-0.1349,0,0.0492,0.0378
90260,6655,2001,58,0,203,4,1,0,31,2,13,40,148,10,10,0,0,0,5,2,0,0,5,0,0,0,1,3,0,-0.299,1,-0.8603,-0.3307
90265,6655,2001,61,0,203,4,1,0,0,0,0,0,0,1,0,0,0,0,0,0,0,0,0,0,0,0,0,0,0,0.0,2,0.0,0.0
90322,6659,2001,59,0,203,4,1,0,140,26,40,159,545,54,54,2,0,4,14,16,0,0,10,0,4,0,2,7,0,-0.2477,0,-2.0262,-0.1455
90356,6660,2001,57,0,203,4,1,0,0,0,0,0,0,2,0,0,0,0,0,0,0,0,0,0,0,0,0,0,0,0.0,1,0.0,0.0
90370,6662,2001,63,0,203,4,1,0,10,2,2,15,57,12,0,2,0,0,0,0,0,0,3,0,0,0,0,2,0,0.1501,0,-0.5844,-0.0659
90394,6663,2001,64,0,203,4,1,0,179,43,56,210,802,59,57,9,2,5,25,22,8,5,24,1,1,0,4,3,0,0.0936,0,0.433,0.8868
90440,6664,2001,54,0,203,4,1,0,60,13,18,73,263,22,22,0,0,2,9,6,0,0,10,0,3,0,0,3,0,-0.3823,0,0.4912,-0.1829
90512,6666,2001,61,0,203,4,1,0,172,37,48,201,746,46,46,7,0,4,16,20,0,0,22,1,9,0,2,5,0,-1.2337,0,-1.4818,0.335
91129,6683,2001,57,0,203,4,1,0,119,31,33,155,611,36,35,2,0,4,21,14,0,0,29,0,0,0,1,6,0,1.0609,0,-1.9115,0.7785
100462,6895,2001,54,0,203,4,1,0,1,0,1,1,4,3,0,0,0,0,0,0,0,0,0,0,0,0,0,0,0,-0.0258,0,0.0,-0.0463
101236,6926,2001,54,0,203,4,1,0,26,3,9,27,84,14,10,1,0,0,3,2,0,0,0,0,3,0,0,1,0,-0.2339,0,0.309,-0.2353
101395,6929,2001,54,0,203,4,1,0,1,0,1,1,7,1,0,0,0,0,0,0,0,0,0,0,0,0,0,0,0,-0.0296,0,0.0,-0.0222
101406,6935,2001,54,0,203,4,1,0,2,1,1,2,5,3,0,0,0,0,0,0,0,0,0,0,0,0,0,0,0,0.004,1,0.0,0.0277
101428,6941,2001,59,0,203,4,1,0,125,32,28,151,567,52,32,6,0,11,23,31,1,0,22,1,1,0,0,4,0,1.5984,0,0.9352,1.5843
101461,6942,2001,55,0,203,4,1,0,134,24,39,166,785,39,38,4,0,6,22,19,5,1,30,1,0,0,0,2,0,0.3927,0,0.432,0.5982
101788,6944,2001,53,0,203,4,1,0,109,20,31,138,503,39,38,3,0,3,18,11,4,2,21,0,2,4,2,2,0,0.0165,0,1.4733,0.3195
102141,6949,2001,50,0,203,4,1,0,87,29,28,103,422,26,26,4,2,4,17,17,2,2,13,0,0,0,1,2,0,1.0103,0,0.7843,1.4329
102202,6950,2001,63,0,203,4,1,0,54,16,13,69,273,49,0,2,1,2,10,11,0,1,8,3,0,2,1,4,0,0.5795,0,0.1933,0.3076
102361,6951,2001,55,0,203,4,1,0,197,52,46,245,996,55,55,9,1,7,33,25,8,8,45,1,0,0,0,3,0,1.5659,0,0.054,2.2737
102487,6955,2001,59,0,203,4,1,0,2,0,2,2,7,1,1,0,0,0,0,0,0,0,0,0,0,0,0,0,0,-0.0335,0,0.0,-0.0774
107430,7069,2001,54,0,203,4,1,0,1,0,0,1,1,2,0,0,0,0,0,0,0,0,0,0,0,0,0,0,0,0.0001,0,0.0,-0.0092
107497,7073,2001,54,0,203,4,1,0,95,22,35,112,430,42,42,2,0,3,11,4,0,1,10,0,0,3,0,4,0,-0.6434,0,-2.9313,0.1867
108113,7091,2001,54,0,203,4,1,0,1,1,0,1,4,1,0,0,0,0,0,0,0,0,0,0,0,0,0,0,0,0.0001,0,0.0,0.0508
108667,7106,2001,54,0,203,4,1,0,1,0,0,1,2,7,0,0,0,0,0,0,0,0,0,0,0,0,0,0,0,-0.0044,0,0.0,-0.0223
108967,7126,2001,59,0,203,4,1,0,101,18,25,112,353,37,36,5,0,0,9,4,3,2,6,1,4,3,1,1,0,-1.145,0,0.882,-0.8388
364,7183,2001,54,0,203,4,1,0,0,0,0,0,0,10,0,0,0,0,0,0,0,0,0,0,0,0,0,0,0,0.0,0,0.0,0.0
743,7193,2001,54,0,203,4,1,0,2,0,2,2,13,2,0,0,0,0,0,0,0,0,0,0,0,0,0,0,0,-0.0009,0,0.0,-0.0626
3723,7265,2001,59,0,203,4,1,0,28,1,14,31,108,11,11,0,0,0,2,0,1,0,2,0,0,0,0,1,0,-0.5603,0,0.0,-0.5402
3812,7269,2001,54,0,203,4,1,0,1,0,0,1,3,12,0,0,0,0,0,0,0,0,0,0,1,0,0,0,0,-0.0361,0,0.0,0.0414
3826,7270,2001,57,0,203,4,1,0,85,14,31,91,325,29,29,1,0,2,3,7,1,0,5,0,4,0,0,1,0,-0.8703,0,-0.1987,-0.7224
